Task Name,Task ID,Task Type,Date,Value
10 min cardio,1a0fb359-2933-47b1-a60e-48b2b998f7b1,habit,2024-06-30 17:15:35,1
10 min cardio,1a0fb359-2933-47b1-a60e-48b2b998f7b1,habit,2024-07-01 16:52:27,1.6865115246309819
10 min cardio,1a0fb359-2933-47b1-a60e-48b2b998f7b1,habit,2024-08-02 15:44:21,1.8906081511924915
10 min cardio,1a0fb359-2933-47b1-a60e-48b2b998f7b1,habit,2024-09-01 04:52:35,0.9125960804313432
10 min cardio,1a0fb359-2933-47b1-a60e-48b2b998f7b1,habit,2024-10-02 17:01:10,1.445061446200052
10 min cardio,1a0fb359-2933-47b1-a60e-48b2b998f7b1,habit,2024-11-01 14:39:05,1.5659357735584838
10 min cardio,1a0fb359-2933-47b1-a60e-48b2b998f7b1,habit,2024-12-01 16:46:25,1.7021542946439758
10 min cardio,1a0fb359-2933-47b1-a60e-48b2b998f7b1,habit,2024-12-29 16:41:10,1.9747
10 min cardio,1a0fb359-2933-47b1-a60e-48b2b998f7b1,habit,2025-01-01 17:56:54,1.4811039914046333
10 min cardio,1a0fb359-2933-47b1-a60e-48b2b998f7b1,habit,2025-01-02 16:31:46,1.721753875833242
10 min cardio,1a0fb359-2933-47b1-a60e-48b2b998f7b1,habit,2025-01-03 17:14:20,1.8390580469959708
10 min cardio,1a0fb359-2933-47b1-a60e-48b2b998f7b1,habit,2025-01-15 01:42:45,1
10 min cardio,1a0fb359-2933-47b1-a60e-48b2b998f7b1,habit,2025-01-23 17:32:39,1.9747
10 min cardio,1a0fb359-2933-47b1-a60e-48b2b998f7b1,habit,2025-01-28 01:46:45,1.4811039914046333
10 min cardio,1a0fb359-2933-47b1-a60e-48b2b998f7b1,habit,2025-01-30 16:38:05,1.360832346642546
10 min cardio,1a0fb359-2933-47b1-a60e-48b2b998f7b1,habit,2025-02-01 17:55:45,1.331527959858759
10 min cardio,1a0fb359-2933-47b1-a60e-48b2b998f7b1,habit,2025-02-03 17:10:56,1.6488481207129393
10 min cardio,1a0fb359-2933-47b1-a60e-48b2b998f7b1,habit,2025-02-06 16:23:55,1.2008383585991962
10 min cardio,1a0fb359-2933-47b1-a60e-48b2b998f7b1,habit,2025-02-08 15:52:26,1.5851508698639991
10 min cardio,1a0fb359-2933-47b1-a60e-48b2b998f7b1,habit,2025-02-11 18:15:54,1.3861840165077643
10 min cardio,1a0fb359-2933-47b1-a60e-48b2b998f7b1,habit,2025-02-18 17:38:24,1.0844188558637982
10 min cardio,1a0fb359-2933-47b1-a60e-48b2b998f7b1,habit,2025-02-24 17:59:50,1
10 min cardio,1a0fb359-2933-47b1-a60e-48b2b998f7b1,habit,2025-02-25 17:06:49,1.48726896031426
10 min cardio,1a0fb359-2933-47b1-a60e-48b2b998f7b1,habit,2025-03-02 17:47:12,1.1811559397375033
10 min cardio,1a0fb359-2933-47b1-a60e-48b2b998f7b1,habit,2025-03-03 11:05:56,1.5755580276706471
10 min cardio,1a0fb359-2933-47b1-a60e-48b2b998f7b1,habit,2025-03-04 01:39:01,1.7677941438482263
10 min cardio,1a0fb359-2933-47b1-a60e-48b2b998f7b1,habit,2025-03-08 16:03:45,1.2153276835746618
10 min cardio,1a0fb359-2933-47b1-a60e-48b2b998f7b1,habit,2025-03-10 14:54:15,1.2960762928238299
Study/Procrastinate,1c3d4563-8535-4ec1-8a0e-231afbeb5936,habit,2024-06-29 15:00:34,-3.756348436390908
Study/Procrastinate,1c3d4563-8535-4ec1-8a0e-231afbeb5936,habit,2024-07-01 18:05:25,4.469828397967226
Study/Procrastinate,1c3d4563-8535-4ec1-8a0e-231afbeb5936,habit,2024-08-01 18:20:27,29.096133682050983
Study/Procrastinate,1c3d4563-8535-4ec1-8a0e-231afbeb5936,habit,2024-09-07 15:33:52,42.926419630524286
Study/Procrastinate,1c3d4563-8535-4ec1-8a0e-231afbeb5936,habit,2024-10-01 13:18:38,65.11831584537649
Study/Procrastinate,1c3d4563-8535-4ec1-8a0e-231afbeb5936,habit,2024-11-01 14:35:19,93.12775741024028
Study/Procrastinate,1c3d4563-8535-4ec1-8a0e-231afbeb5936,habit,2024-12-02 16:37:27,112.07363165965295
Study/Procrastinate,1c3d4563-8535-4ec1-8a0e-231afbeb5936,habit,2024-12-20 17:01:13,128.8881118574086
Study/Procrastinate,1c3d4563-8535-4ec1-8a0e-231afbeb5936,habit,2024-12-21 16:33:59,131.20735050537485
Study/Procrastinate,1c3d4563-8535-4ec1-8a0e-231afbeb5936,habit,2024-12-22 16:49:20,132.36696982935797
Study/Procrastinate,1c3d4563-8535-4ec1-8a0e-231afbeb5936,habit,2024-12-23 17:25:43,133.5265891533411
Study/Procrastinate,1c3d4563-8535-4ec1-8a0e-231afbeb5936,habit,2024-12-24 03:39:47,134.68620847732421
Study/Procrastinate,1c3d4563-8535-4ec1-8a0e-231afbeb5936,habit,2024-12-25 07:32:44,135.84582780130734
Study/Procrastinate,1c3d4563-8535-4ec1-8a0e-231afbeb5936,habit,2024-12-26 17:58:56,138.16506644927358
Study/Procrastinate,1c3d4563-8535-4ec1-8a0e-231afbeb5936,habit,2024-12-27 16:19:46,139.3246857732567
Study/Procrastinate,1c3d4563-8535-4ec1-8a0e-231afbeb5936,habit,2024-12-29 16:41:15,141.64392442122295
Study/Procrastinate,1c3d4563-8535-4ec1-8a0e-231afbeb5936,habit,2024-12-30 17:18:44,142.21492409060497
Study/Procrastinate,1c3d4563-8535-4ec1-8a0e-231afbeb5936,habit,2025-01-02 12:30:21,142.79473375259653
Study/Procrastinate,1c3d4563-8535-4ec1-8a0e-231afbeb5936,habit,2025-01-02 18:14:12,145.11397240056277
Study/Procrastinate,1c3d4563-8535-4ec1-8a0e-231afbeb5936,habit,2025-01-03 17:14:23,147.43321104852902
Study/Procrastinate,1c3d4563-8535-4ec1-8a0e-231afbeb5936,habit,2025-01-04 18:08:40,148.59283037251214
Study/Procrastinate,1c3d4563-8535-4ec1-8a0e-231afbeb5936,habit,2025-01-05 18:01:15,150.91206902047838
Study/Procrastinate,1c3d4563-8535-4ec1-8a0e-231afbeb5936,habit,2025-01-08 17:56:49,153.23130766844463
Study/Procrastinate,1c3d4563-8535-4ec1-8a0e-231afbeb5936,habit,2025-01-14 04:21:52,154.39092699242775
Study/Procrastinate,1c3d4563-8535-4ec1-8a0e-231afbeb5936,habit,2025-01-15 13:24:30,156.710165640394
Study/Procrastinate,1c3d4563-8535-4ec1-8a0e-231afbeb5936,habit,2025-01-19 18:20:07,159.02940428836024
Study/Procrastinate,1c3d4563-8535-4ec1-8a0e-231afbeb5936,habit,2025-01-21 00:44:52,160.18902361234336
Study/Procrastinate,1c3d4563-8535-4ec1-8a0e-231afbeb5936,habit,2025-01-23 17:32:45,161.34864293632648
Study/Procrastinate,1c3d4563-8535-4ec1-8a0e-231afbeb5936,habit,2025-01-28 01:46:38,163.66788158429273
Study/Procrastinate,1c3d4563-8535-4ec1-8a0e-231afbeb5936,habit,2025-01-29 17:45:08,165.4073105702674
Study/Procrastinate,1c3d4563-8535-4ec1-8a0e-231afbeb5936,habit,2025-01-30 16:38:07,167.72654921823366
Study/Procrastinate,1c3d4563-8535-4ec1-8a0e-231afbeb5936,habit,2025-01-31 14:44:13,168.88616854221678
Study/Procrastinate,1c3d4563-8535-4ec1-8a0e-231afbeb5936,habit,2025-02-01 17:55:39,171.78521685217459
Study/Procrastinate,1c3d4563-8535-4ec1-8a0e-231afbeb5936,habit,2025-02-03 17:10:44,174.10445550014083
Study/Procrastinate,1c3d4563-8535-4ec1-8a0e-231afbeb5936,habit,2025-02-04 13:35:19,175.26407482412395
Study/Procrastinate,1c3d4563-8535-4ec1-8a0e-231afbeb5936,habit,2025-02-06 16:24:00,175.2552648315144
Study/Procrastinate,1c3d4563-8535-4ec1-8a0e-231afbeb5936,habit,2025-02-08 15:52:29,176.9946938174891
Study/Procrastinate,1c3d4563-8535-4ec1-8a0e-231afbeb5936,habit,2025-02-09 13:16:18,178.15431314147222
Study/Procrastinate,1c3d4563-8535-4ec1-8a0e-231afbeb5936,habit,2025-02-11 18:15:49,180.47355178943846
Study/Procrastinate,1c3d4563-8535-4ec1-8a0e-231afbeb5936,habit,2025-02-15 13:42:39,179.29631248023625
Study/Procrastinate,1c3d4563-8535-4ec1-8a0e-231afbeb5936,habit,2025-02-17 14:23:37,180.45593180421938
Study/Procrastinate,1c3d4563-8535-4ec1-8a0e-231afbeb5936,habit,2025-02-18 17:38:16,181.6155511282025
Study/Procrastinate,1c3d4563-8535-4ec1-8a0e-231afbeb5936,habit,2025-02-20 13:16:18,180.4383118190003
Study/Procrastinate,1c3d4563-8535-4ec1-8a0e-231afbeb5936,habit,2025-02-21 16:13:27,178.08383320059588
Study/Procrastinate,1c3d4563-8535-4ec1-8a0e-231afbeb5936,habit,2025-02-22 16:16:06,179.243452524579
Study/Procrastinate,1c3d4563-8535-4ec1-8a0e-231afbeb5936,habit,2025-02-23 17:09:07,180.40307184856212
Study/Procrastinate,1c3d4563-8535-4ec1-8a0e-231afbeb5936,habit,2025-02-24 17:59:54,182.13369084192726
Study/Procrastinate,1c3d4563-8535-4ec1-8a0e-231afbeb5936,habit,2025-02-25 17:06:53,183.29331016591038
Study/Procrastinate,1c3d4563-8535-4ec1-8a0e-231afbeb5936,habit,2025-02-27 16:08:46,181.52745120210707
Study/Procrastinate,1c3d4563-8535-4ec1-8a0e-231afbeb5936,habit,2025-03-02 17:47:06,182.6870705260902
Study/Procrastinate,1c3d4563-8535-4ec1-8a0e-231afbeb5936,habit,2025-03-03 17:35:29,185.00630917405644
Study/Procrastinate,1c3d4563-8535-4ec1-8a0e-231afbeb5936,habit,2025-03-04 17:57:53,187.90535748401425
Study/Procrastinate,1c3d4563-8535-4ec1-8a0e-231afbeb5936,habit,2025-03-06 13:34:19,189.06497680799737
Study/Procrastinate,1c3d4563-8535-4ec1-8a0e-231afbeb5936,habit,2025-03-08 16:06:04,191.3842154559636
Study/Procrastinate,1c3d4563-8535-4ec1-8a0e-231afbeb5936,habit,2025-03-09 17:48:57,191.96402511795517
Study/Procrastinate,1c3d4563-8535-4ec1-8a0e-231afbeb5936,habit,2025-03-09 17:48:57,191.96402511795517
Study/Procrastinate,1c3d4563-8535-4ec1-8a0e-231afbeb5936,habit,2025-03-10 14:54:14,192.54383477994674
Study/Procrastinate,1c3d4563-8535-4ec1-8a0e-231afbeb5936,habit,2025-03-10 17:58:55,193.1236444419383
10 minutes cleaning,365f99ea-7d5e-44cc-8f61-9ef035a1c0f0,habit,2024-07-07 17:02:34,1
10 minutes cleaning,365f99ea-7d5e-44cc-8f61-9ef035a1c0f0,habit,2024-07-10 10:42:55,1.1218019312959666
10 minutes cleaning,365f99ea-7d5e-44cc-8f61-9ef035a1c0f0,habit,2024-07-12 01:56:02,1.2732895481715534
10 minutes cleaning,365f99ea-7d5e-44cc-8f61-9ef035a1c0f0,habit,2024-07-14 07:50:27,1.310198381108193
10 minutes cleaning,365f99ea-7d5e-44cc-8f61-9ef035a1c0f0,habit,2024-07-27 07:00:31,1
10 minutes cleaning,365f99ea-7d5e-44cc-8f61-9ef035a1c0f0,habit,2024-07-28 06:56:58,1.48726896031426
10 minutes cleaning,365f99ea-7d5e-44cc-8f61-9ef035a1c0f0,habit,2024-08-04 13:02:36,1
10 minutes cleaning,365f99ea-7d5e-44cc-8f61-9ef035a1c0f0,habit,2024-08-11 18:08:34,1
10 minutes cleaning,365f99ea-7d5e-44cc-8f61-9ef035a1c0f0,habit,2024-10-11 06:56:45,1
10 minutes cleaning,365f99ea-7d5e-44cc-8f61-9ef035a1c0f0,habit,2024-11-11 04:44:58,1
Work on creative project,21cdef54-ce73-49b6-995b-349df0efa076,daily,2024-06-30 13:24:33,-1
Work on creative project,21cdef54-ce73-49b6-995b-349df0efa076,daily,2024-06-30 21:01:48,-1.170992784104511
Work on creative project,21cdef54-ce73-49b6-995b-349df0efa076,daily,2024-08-01 02:36:10,-2.025956704627065
Work on creative project,21cdef54-ce73-49b6-995b-349df0efa076,daily,2024-09-01 04:48:37,-1.850408783620303
Work on creative project,21cdef54-ce73-49b6-995b-349df0efa076,daily,2024-10-02 08:13:00,-0.8701452906909477
Work on creative project,21cdef54-ce73-49b6-995b-349df0efa076,daily,2024-11-01 14:34:51,0.38545429357148686
Work on creative project,21cdef54-ce73-49b6-995b-349df0efa076,daily,2024-12-02 05:16:44,1.2945788347617668
Work on creative project,21cdef54-ce73-49b6-995b-349df0efa076,daily,2025-01-02 12:27:47,2.0246448991174484
Work on creative project,21cdef54-ce73-49b6-995b-349df0efa076,daily,2025-01-07 00:44:26,2.0246448991174484
Work on creative project,21cdef54-ce73-49b6-995b-349df0efa076,daily,2025-01-08 13:11:07,2.0246448991174484
Work on creative project,21cdef54-ce73-49b6-995b-349df0efa076,daily,2025-01-09 08:44:50,2.0246448991174484
Work on creative project,21cdef54-ce73-49b6-995b-349df0efa076,daily,2025-01-11 03:57:35,2.0246448991174484
Work on creative project,21cdef54-ce73-49b6-995b-349df0efa076,daily,2025-01-12 02:10:09,2.0246448991174484
Work on creative project,21cdef54-ce73-49b6-995b-349df0efa076,daily,2025-01-13 02:40:49,2.0246448991174484
Work on creative project,21cdef54-ce73-49b6-995b-349df0efa076,daily,2025-01-14 04:21:27,2.0246448991174484
Work on creative project,21cdef54-ce73-49b6-995b-349df0efa076,daily,2025-01-15 01:34:01,2.0246448991174484
Work on creative project,21cdef54-ce73-49b6-995b-349df0efa076,daily,2025-01-15 18:43:23,2.0246448991174484
Work on creative project,21cdef54-ce73-49b6-995b-349df0efa076,daily,2025-01-17 17:53:29,2.0246448991174484
Work on creative project,21cdef54-ce73-49b6-995b-349df0efa076,daily,2025-01-18 17:59:23,2.0246448991174484
Work on creative project,21cdef54-ce73-49b6-995b-349df0efa076,daily,2025-01-19 13:26:47,2.0246448991174484
Work on creative project,21cdef54-ce73-49b6-995b-349df0efa076,daily,2025-01-21 00:44:39,2.0246448991174484
Work on creative project,21cdef54-ce73-49b6-995b-349df0efa076,daily,2025-01-22 03:00:34,2.0246448991174484
Work on creative project,21cdef54-ce73-49b6-995b-349df0efa076,daily,2025-01-23 13:21:58,2.0246448991174484
Work on creative project,21cdef54-ce73-49b6-995b-349df0efa076,daily,2025-01-25 02:52:08,2.0246448991174484
Work on creative project,21cdef54-ce73-49b6-995b-349df0efa076,daily,2025-01-28 01:46:13,2.0246448991174484
Work on creative project,21cdef54-ce73-49b6-995b-349df0efa076,daily,2025-01-29 03:54:49,2.0246448991174484
Work on creative project,21cdef54-ce73-49b6-995b-349df0efa076,daily,2025-01-30 14:18:39,2.0246448991174484
Work on creative project,21cdef54-ce73-49b6-995b-349df0efa076,daily,2025-01-30 14:19:15,2.9740851911323323
Work on creative project,21cdef54-ce73-49b6-995b-349df0efa076,daily,2025-02-01 04:34:56,2.9740851911323323
Work on creative project,21cdef54-ce73-49b6-995b-349df0efa076,daily,2025-02-03 01:24:45,2.9740851911323323
Work on creative project,21cdef54-ce73-49b6-995b-349df0efa076,daily,2025-02-04 13:35:07,2.9740851911323323
Work on creative project,21cdef54-ce73-49b6-995b-349df0efa076,daily,2025-02-05 17:24:34,2.9740851911323323
Work on creative project,21cdef54-ce73-49b6-995b-349df0efa076,daily,2025-02-06 15:27:37,2.9740851911323323
Work on creative project,21cdef54-ce73-49b6-995b-349df0efa076,daily,2025-02-08 03:10:15,2.9740851911323323
Work on creative project,21cdef54-ce73-49b6-995b-349df0efa076,daily,2025-02-09 13:16:02,2.9740851911323323
Work on creative project,21cdef54-ce73-49b6-995b-349df0efa076,daily,2025-02-11 02:36:26,2.9740851911323323
Work on creative project,21cdef54-ce73-49b6-995b-349df0efa076,daily,2025-02-12 14:37:20,2.9740851911323323
Work on creative project,21cdef54-ce73-49b6-995b-349df0efa076,daily,2025-02-15 04:52:56,2.9740851911323323
Work on creative project,21cdef54-ce73-49b6-995b-349df0efa076,daily,2025-02-17 14:18:41,2.9740851911323323
Work on creative project,21cdef54-ce73-49b6-995b-349df0efa076,daily,2025-02-18 17:38:04,2.9740851911323323
Work on creative project,21cdef54-ce73-49b6-995b-349df0efa076,daily,2025-02-20 13:16:09,2.9740851911323323
Work on creative project,21cdef54-ce73-49b6-995b-349df0efa076,daily,2025-02-21 13:04:04,2.9740851911323323
Work on creative project,21cdef54-ce73-49b6-995b-349df0efa076,daily,2025-02-22 14:53:08,2.9740851911323323
Work on creative project,21cdef54-ce73-49b6-995b-349df0efa076,daily,2025-02-23 17:09:01,2.9740851911323323
Work on creative project,21cdef54-ce73-49b6-995b-349df0efa076,daily,2025-02-24 08:41:50,2.9740851911323323
Work on creative project,21cdef54-ce73-49b6-995b-349df0efa076,daily,2025-02-25 07:12:28,2.9740851911323323
Work on creative project,21cdef54-ce73-49b6-995b-349df0efa076,daily,2025-02-26 14:41:46,2.9740851911323323
Work on creative project,21cdef54-ce73-49b6-995b-349df0efa076,daily,2025-02-27 16:08:36,2.9740851911323323
Work on creative project,21cdef54-ce73-49b6-995b-349df0efa076,daily,2025-03-02 09:14:37,2.9740851911323323
Work on creative project,21cdef54-ce73-49b6-995b-349df0efa076,daily,2025-03-03 11:05:41,2.9740851911323323
Work on creative project,21cdef54-ce73-49b6-995b-349df0efa076,daily,2025-03-04 01:38:39,2.9740851911323323
Work on creative project,21cdef54-ce73-49b6-995b-349df0efa076,daily,2025-03-06 13:34:08,2.9740851911323323
Work on creative project,21cdef54-ce73-49b6-995b-349df0efa076,daily,2025-03-07 05:05:38,2.9740851911323323
Work on creative project,21cdef54-ce73-49b6-995b-349df0efa076,daily,2025-03-08 15:41:58,2.9740851911323323
Work on creative project,21cdef54-ce73-49b6-995b-349df0efa076,daily,2025-03-09 17:48:50,2.9740851911323323
Work on creative project,21cdef54-ce73-49b6-995b-349df0efa076,daily,2025-03-10 14:54:03,2.9740851911323323
Seeding/Spending ,8e227c06-6233-41dc-b311-905eefc077c8,habit,2024-06-30 13:29:56,-1.026657310999762
Seeding/Spending ,8e227c06-6233-41dc-b311-905eefc077c8,habit,2024-07-01 10:51:07,-10.855592185383784
Seeding/Spending ,8e227c06-6233-41dc-b311-905eefc077c8,habit,2024-08-01 18:20:51,6.097228152522299
Seeding/Spending ,8e227c06-6233-41dc-b311-905eefc077c8,habit,2024-09-01 04:49:29,5.249533378493887
Seeding/Spending ,8e227c06-6233-41dc-b311-905eefc077c8,habit,2024-10-01 13:18:39,8.895966012637547
Seeding/Spending ,8e227c06-6233-41dc-b311-905eefc077c8,habit,2024-11-01 14:35:15,8.922225446061853
Seeding/Spending ,8e227c06-6233-41dc-b311-905eefc077c8,habit,2024-11-27 15:46:47,6.509925857177768
Seeding/Spending ,8e227c06-6233-41dc-b311-905eefc077c8,habit,2024-11-28 18:16:22,7.356277446766528
Seeding/Spending ,8e227c06-6233-41dc-b311-905eefc077c8,habit,2024-12-02 13:14:27,8.184470796109583
Seeding/Spending ,8e227c06-6233-41dc-b311-905eefc077c8,habit,2024-12-03 16:32:52,8.995272675642488
Seeding/Spending ,8e227c06-6233-41dc-b311-905eefc077c8,habit,2024-12-04 17:16:21,9.789402131427003
Seeding/Spending ,8e227c06-6233-41dc-b311-905eefc077c8,habit,2024-12-05 17:26:21,8.995279299064222
Seeding/Spending ,8e227c06-6233-41dc-b311-905eefc077c8,habit,2024-12-06 16:42:50,9.789408620062101
Seeding/Spending ,8e227c06-6233-41dc-b311-905eefc077c8,habit,2024-12-07 17:54:13,8.99528592248147
Seeding/Spending ,8e227c06-6233-41dc-b311-905eefc077c8,habit,2024-12-08 17:34:42,9.789415108692829
Seeding/Spending ,8e227c06-6233-41dc-b311-905eefc077c8,habit,2024-12-09 09:06:04,8.995292545894236
Seeding/Spending ,8e227c06-6233-41dc-b311-905eefc077c8,habit,2024-12-11 16:11:17,10.567553452497553
Seeding/Spending ,8e227c06-6233-41dc-b311-905eefc077c8,habit,2024-12-12 14:54:42,12.07832790153003
Seeding/Spending ,8e227c06-6233-41dc-b311-905eefc077c8,habit,2024-12-13 17:15:34,13.532265631952937
Seeding/Spending ,8e227c06-6233-41dc-b311-905eefc077c8,habit,2024-12-15 11:23:31,12.812136053848763
Seeding/Spending ,8e227c06-6233-41dc-b311-905eefc077c8,habit,2024-12-17 17:34:15,14.239236650672833
Seeding/Spending ,8e227c06-6233-41dc-b311-905eefc077c8,habit,2024-12-18 17:32:43,13.532274197514925
Seeding/Spending ,8e227c06-6233-41dc-b311-905eefc077c8,habit,2024-12-19 17:01:03,14.239240740219865
Seeding/Spending ,8e227c06-6233-41dc-b311-905eefc077c8,habit,2024-12-20 17:01:16,14.239244829765163
Seeding/Spending ,8e227c06-6233-41dc-b311-905eefc077c8,habit,2024-12-21 16:33:56,14.933518924870357
Seeding/Spending ,8e227c06-6233-41dc-b311-905eefc077c8,habit,2024-12-26 17:58:54,14.239248704271748
Seeding/Spending ,8e227c06-6233-41dc-b311-905eefc077c8,habit,2024-12-27 16:19:44,14.933522730445004
Seeding/Spending ,8e227c06-6233-41dc-b311-905eefc077c8,habit,2024-12-29 16:41:12,15.615554050644684
Seeding/Spending ,8e227c06-6233-41dc-b311-905eefc077c8,habit,2025-01-01 14:25:42,14.239256253090046
Seeding/Spending ,8e227c06-6233-41dc-b311-905eefc077c8,habit,2025-01-02 12:30:24,14.93353014496114
Seeding/Spending ,8e227c06-6233-41dc-b311-905eefc077c8,habit,2025-01-03 17:14:28,15.615561335574174
Seeding/Spending ,8e227c06-6233-41dc-b311-905eefc077c8,habit,2025-01-04 18:08:41,16.28577594124434
Seeding/Spending ,8e227c06-6233-41dc-b311-905eefc077c8,habit,2025-01-05 14:48:07,16.944578150506608
Seeding/Spending ,8e227c06-6233-41dc-b311-905eefc077c8,habit,2025-01-08 17:56:51,16.28577908404251
Seeding/Spending ,8e227c06-6233-41dc-b311-905eefc077c8,habit,2025-01-15 01:42:41,15.615567899075595
Seeding/Spending ,8e227c06-6233-41dc-b311-905eefc077c8,habit,2025-01-19 18:20:03,16.28578239202015
Seeding/Spending ,8e227c06-6233-41dc-b311-905eefc077c8,habit,2025-01-23 13:22:51,16.94458449237935
Seeding/Spending ,8e227c06-6233-41dc-b311-905eefc077c8,habit,2025-01-29 17:45:12,17.592357942913516
Seeding/Spending ,8e227c06-6233-41dc-b311-905eefc077c8,habit,2025-01-30 14:19:35,18.229467399657587
Seeding/Spending ,8e227c06-6233-41dc-b311-905eefc077c8,habit,2025-02-01 17:55:41,19.473064907578213
Seeding/Spending ,8e227c06-6233-41dc-b311-905eefc077c8,habit,2025-02-03 01:24:57,20.08019757309595
Seeding/Spending ,8e227c06-6233-41dc-b311-905eefc077c8,habit,2025-02-04 13:35:18,20.677957503679497
Seeding/Spending ,8e227c06-6233-41dc-b311-905eefc077c8,habit,2025-02-06 16:23:49,20.080199704929683
Seeding/Spending ,8e227c06-6233-41dc-b311-905eefc077c8,habit,2025-02-08 15:52:27,20.67795960285796
Seeding/Spending ,8e227c06-6233-41dc-b311-905eefc077c8,habit,2025-02-11 18:15:52,20.677961702035965
Seeding/Spending ,8e227c06-6233-41dc-b311-905eefc077c8,habit,2025-02-17 14:23:54,21.266636966808647
Seeding/Spending ,8e227c06-6233-41dc-b311-905eefc077c8,habit,2025-02-20 13:16:21,20.677965806586116
Seeding/Spending ,8e227c06-6233-41dc-b311-905eefc077c8,habit,2025-02-21 16:13:21,20.080208136996244
Seeding/Spending ,8e227c06-6233-41dc-b311-905eefc077c8,habit,2025-02-22 16:16:13,21.266641009440487
Seeding/Spending ,8e227c06-6233-41dc-b311-905eefc077c8,habit,2025-02-23 17:09:08,21.846500581260624
Seeding/Spending ,8e227c06-6233-41dc-b311-905eefc077c8,habit,2025-02-24 17:59:51,21.837870681080155
Seeding/Spending ,8e227c06-6233-41dc-b311-905eefc077c8,habit,2025-02-25 17:06:51,22.417680343071723
Seeding/Spending ,8e227c06-6233-41dc-b311-905eefc077c8,habit,2025-02-27 16:08:42,20.651368520281526
Seeding/Spending ,8e227c06-6233-41dc-b311-905eefc077c8,habit,2025-03-02 17:47:10,21.24044301435188
Seeding/Spending ,8e227c06-6233-41dc-b311-905eefc077c8,habit,2025-03-03 11:05:53,21.82069199861959
Seeding/Spending ,8e227c06-6233-41dc-b311-905eefc077c8,habit,2025-03-08 15:43:01,22.40050166061116
Seeding/Spending ,8e227c06-6233-41dc-b311-905eefc077c8,habit,2025-03-09 17:48:58,22.980311322602727
WD,27848bc0-4b54-4f7a-8924-bdf25e0346a2,daily,2024-06-30 15:26:54,1
WD,27848bc0-4b54-4f7a-8924-bdf25e0346a2,daily,2024-07-02 12:56:35,4.195300579873685
WD,27848bc0-4b54-4f7a-8924-bdf25e0346a2,daily,2024-08-01 02:36:10,20.62120232186509
WD,27848bc0-4b54-4f7a-8924-bdf25e0346a2,daily,2024-09-01 04:48:37,30.17014447666467
WD,27848bc0-4b54-4f7a-8924-bdf25e0346a2,daily,2024-10-01 16:15:45,41.567799881481875
WD,27848bc0-4b54-4f7a-8924-bdf25e0346a2,daily,2024-11-02 03:55:05,56.50046217593009
WD,27848bc0-4b54-4f7a-8924-bdf25e0346a2,daily,2024-12-02 05:16:44,83.95231696426163
WD,27848bc0-4b54-4f7a-8924-bdf25e0346a2,daily,2025-01-01 14:23:50,87.47449946935748
WD,27848bc0-4b54-4f7a-8924-bdf25e0346a2,daily,2025-01-09 08:44:50,88.77907120883852
WD,27848bc0-4b54-4f7a-8924-bdf25e0346a2,daily,2025-01-11 03:57:35,88.77907120883852
WD,27848bc0-4b54-4f7a-8924-bdf25e0346a2,daily,2025-01-12 02:10:09,89.35888087083009
WD,27848bc0-4b54-4f7a-8924-bdf25e0346a2,daily,2025-01-13 02:40:49,89.93869053282167
WD,27848bc0-4b54-4f7a-8924-bdf25e0346a2,daily,2025-01-14 04:21:27,89.93869053282167
WD,27848bc0-4b54-4f7a-8924-bdf25e0346a2,daily,2025-01-15 01:34:00,90.51850019481324
WD,27848bc0-4b54-4f7a-8924-bdf25e0346a2,daily,2025-01-15 18:43:23,90.51850019481324
WD,27848bc0-4b54-4f7a-8924-bdf25e0346a2,daily,2025-01-17 17:53:29,90.51850019481324
WD,27848bc0-4b54-4f7a-8924-bdf25e0346a2,daily,2025-01-18 17:59:23,90.51850019481324
WD,27848bc0-4b54-4f7a-8924-bdf25e0346a2,daily,2025-01-19 13:26:47,90.51850019481324
WD,27848bc0-4b54-4f7a-8924-bdf25e0346a2,daily,2025-01-19 18:19:54,91.09830985680482
WD,27848bc0-4b54-4f7a-8924-bdf25e0346a2,daily,2025-01-22 03:00:34,91.6781195187964
WD,27848bc0-4b54-4f7a-8924-bdf25e0346a2,daily,2025-01-23 13:21:58,91.6781195187964
WD,27848bc0-4b54-4f7a-8924-bdf25e0346a2,daily,2025-01-23 17:32:34,92.25792918078797
WD,27848bc0-4b54-4f7a-8924-bdf25e0346a2,daily,2025-01-28 01:46:13,92.25792918078797
WD,27848bc0-4b54-4f7a-8924-bdf25e0346a2,daily,2025-01-29 03:54:49,92.83773884277954
WD,27848bc0-4b54-4f7a-8924-bdf25e0346a2,daily,2025-01-30 14:18:39,92.83773884277954
WD,27848bc0-4b54-4f7a-8924-bdf25e0346a2,daily,2025-01-30 16:38:01,94.96646154824938
WD,27848bc0-4b54-4f7a-8924-bdf25e0346a2,daily,2025-02-01 04:34:56,94.96646154824938
WD,27848bc0-4b54-4f7a-8924-bdf25e0346a2,daily,2025-02-01 17:55:24,95.54627121024096
WD,27848bc0-4b54-4f7a-8924-bdf25e0346a2,daily,2025-02-04 13:35:07,97.14420935457086
WD,27848bc0-4b54-4f7a-8924-bdf25e0346a2,daily,2025-02-05 17:24:33,97.72401901656244
WD,27848bc0-4b54-4f7a-8924-bdf25e0346a2,daily,2025-02-06 15:27:37,97.72401901656244
WD,27848bc0-4b54-4f7a-8924-bdf25e0346a2,daily,2025-02-08 03:10:15,97.72401901656244
WD,27848bc0-4b54-4f7a-8924-bdf25e0346a2,daily,2025-02-09 13:16:01,98.30382867855401
WD,27848bc0-4b54-4f7a-8924-bdf25e0346a2,daily,2025-02-11 02:36:26,98.30382867855401
WD,27848bc0-4b54-4f7a-8924-bdf25e0346a2,daily,2025-02-12 14:37:20,98.30382867855401
WD,27848bc0-4b54-4f7a-8924-bdf25e0346a2,daily,2025-02-15 04:52:56,98.30382867855401
WD,27848bc0-4b54-4f7a-8924-bdf25e0346a2,daily,2025-02-17 14:18:41,98.88363834054559
WD,27848bc0-4b54-4f7a-8924-bdf25e0346a2,daily,2025-02-18 17:38:04,98.88363834054559
WD,27848bc0-4b54-4f7a-8924-bdf25e0346a2,daily,2025-02-18 17:38:30,99.46344800253716
WD,27848bc0-4b54-4f7a-8924-bdf25e0346a2,daily,2025-02-21 13:04:04,99.46344800253716
WD,27848bc0-4b54-4f7a-8924-bdf25e0346a2,daily,2025-02-22 14:53:08,99.46344800253716
WD,27848bc0-4b54-4f7a-8924-bdf25e0346a2,daily,2025-02-22 16:16:04,100.04325766452874
WD,27848bc0-4b54-4f7a-8924-bdf25e0346a2,daily,2025-02-23 17:09:25,100.62306732652031
WD,27848bc0-4b54-4f7a-8924-bdf25e0346a2,daily,2025-02-25 07:12:28,100.62306732652031
WD,27848bc0-4b54-4f7a-8924-bdf25e0346a2,daily,2025-02-25 17:06:57,101.20287698851189
WD,27848bc0-4b54-4f7a-8924-bdf25e0346a2,daily,2025-02-27 16:08:36,101.20287698851189
WD,27848bc0-4b54-4f7a-8924-bdf25e0346a2,daily,2025-03-02 09:14:36,101.78268665050346
WD,27848bc0-4b54-4f7a-8924-bdf25e0346a2,daily,2025-03-02 17:46:52,102.36249631249504
WD,27848bc0-4b54-4f7a-8924-bdf25e0346a2,daily,2025-03-04 01:38:39,102.36249631249504
WD,27848bc0-4b54-4f7a-8924-bdf25e0346a2,daily,2025-03-04 17:57:41,102.94230597448662
WD,27848bc0-4b54-4f7a-8924-bdf25e0346a2,daily,2025-03-07 05:05:37,103.52211563647819
WD,27848bc0-4b54-4f7a-8924-bdf25e0346a2,daily,2025-03-08 15:41:58,103.52211563647819
WD,27848bc0-4b54-4f7a-8924-bdf25e0346a2,daily,2025-03-08 16:03:45,104.10192529846977
WD,27848bc0-4b54-4f7a-8924-bdf25e0346a2,daily,2025-03-10 14:54:03,104.68173496046134
Read NP,a78fa1f5-369a-4039-a973-d610212f1d14,daily,2024-06-30 21:01:48,-25.28447079743721
Read NP,a78fa1f5-369a-4039-a973-d610212f1d14,daily,2024-08-01 02:36:10,-41.93612475359275
Read NP,a78fa1f5-369a-4039-a973-d610212f1d14,daily,2024-09-01 04:48:37,-62.30075922099227
Read NP,a78fa1f5-369a-4039-a973-d610212f1d14,daily,2024-10-01 13:18:24,-127.63947089207346
Read NP,a78fa1f5-369a-4039-a973-d610212f1d14,daily,2024-11-02 03:55:05,-170.85084752772076
Read NP,a78fa1f5-369a-4039-a973-d610212f1d14,daily,2024-12-01 04:46:18,-142.52742871060474
Read NP,a78fa1f5-369a-4039-a973-d610212f1d14,daily,2025-01-01 14:23:50,-136.25596742158643
Read NP,a78fa1f5-369a-4039-a973-d610212f1d14,daily,2025-01-06 13:05:17,-142.3002107421243
Read NP,a78fa1f5-369a-4039-a973-d610212f1d14,daily,2025-01-07 00:44:26,-138.94229778626993
Read NP,a78fa1f5-369a-4039-a973-d610212f1d14,daily,2025-01-08 13:11:07,-135.58438483041556
Read NP,a78fa1f5-369a-4039-a973-d610212f1d14,daily,2025-01-09 08:44:50,-132.22647187456118
Read NP,a78fa1f5-369a-4039-a973-d610212f1d14,daily,2025-01-11 03:57:35,-135.58438483041556
Read NP,a78fa1f5-369a-4039-a973-d610212f1d14,daily,2025-01-12 02:10:09,-132.22647187456118
Read NP,a78fa1f5-369a-4039-a973-d610212f1d14,daily,2025-01-13 02:40:49,-135.58438483041556
Read NP,a78fa1f5-369a-4039-a973-d610212f1d14,daily,2025-01-14 04:21:27,-138.94229778626993
Read NP,a78fa1f5-369a-4039-a973-d610212f1d14,daily,2025-01-15 01:34:01,-142.3002107421243
Read NP,a78fa1f5-369a-4039-a973-d610212f1d14,daily,2025-01-15 18:43:23,-145.65812369797868
Read NP,a78fa1f5-369a-4039-a973-d610212f1d14,daily,2025-01-17 17:53:29,-142.3002107421243
Read NP,a78fa1f5-369a-4039-a973-d610212f1d14,daily,2025-01-18 17:59:23,-142.3002107421243
Read NP,a78fa1f5-369a-4039-a973-d610212f1d14,daily,2025-01-19 13:26:47,-142.3002107421243
Read NP,a78fa1f5-369a-4039-a973-d610212f1d14,daily,2025-01-21 00:44:39,-139.46247152406568
Read NP,a78fa1f5-369a-4039-a973-d610212f1d14,daily,2025-01-22 03:00:34,-142.82038447992005
Read NP,a78fa1f5-369a-4039-a973-d610212f1d14,daily,2025-01-23 13:21:58,-146.17829743577443
Read NP,a78fa1f5-369a-4039-a973-d610212f1d14,daily,2025-01-25 02:52:08,-146.35912705829548
Read NP,a78fa1f5-369a-4039-a973-d610212f1d14,daily,2025-01-28 01:46:13,-146.35912705829548
Read NP,a78fa1f5-369a-4039-a973-d610212f1d14,daily,2025-01-29 03:54:49,-146.64011693722676
Read NP,a78fa1f5-369a-4039-a973-d610212f1d14,daily,2025-01-30 14:18:39,-146.64011693722676
Read NP,a78fa1f5-369a-4039-a973-d610212f1d14,daily,2025-01-30 16:38:01,-143.2822039813724
Read NP,a78fa1f5-369a-4039-a973-d610212f1d14,daily,2025-02-01 04:34:56,-146.64011693722676
Read NP,a78fa1f5-369a-4039-a973-d610212f1d14,daily,2025-02-03 01:24:45,-149.99802989308114
Read NP,a78fa1f5-369a-4039-a973-d610212f1d14,daily,2025-02-04 13:35:07,-153.3559428489355
Read NP,a78fa1f5-369a-4039-a973-d610212f1d14,daily,2025-02-05 17:24:34,-156.7138558047899
Read NP,a78fa1f5-369a-4039-a973-d610212f1d14,daily,2025-02-06 15:27:37,-156.7138558047899
Read NP,a78fa1f5-369a-4039-a973-d610212f1d14,daily,2025-02-08 03:10:15,-160.07176876064426
Read NP,a78fa1f5-369a-4039-a973-d610212f1d14,daily,2025-02-09 13:16:02,-163.42968171649864
Read NP,a78fa1f5-369a-4039-a973-d610212f1d14,daily,2025-02-11 02:36:26,-166.787594672353
Read NP,a78fa1f5-369a-4039-a973-d610212f1d14,daily,2025-02-12 14:37:20,-166.787594672353
Read NP,a78fa1f5-369a-4039-a973-d610212f1d14,daily,2025-02-15 04:52:56,-166.787594672353
Read NP,a78fa1f5-369a-4039-a973-d610212f1d14,daily,2025-02-17 14:18:41,-166.787594672353
Read NP,a78fa1f5-369a-4039-a973-d610212f1d14,daily,2025-02-18 17:38:04,-163.42968171649864
Read NP,a78fa1f5-369a-4039-a973-d610212f1d14,daily,2025-02-20 13:16:09,-166.787594672353
Read NP,a78fa1f5-369a-4039-a973-d610212f1d14,daily,2025-02-21 13:04:04,-166.787594672353
Read NP,a78fa1f5-369a-4039-a973-d610212f1d14,daily,2025-02-22 14:53:08,-166.787594672353
Read NP,a78fa1f5-369a-4039-a973-d610212f1d14,daily,2025-02-23 17:09:01,-166.787594672353
Read NP,a78fa1f5-369a-4039-a973-d610212f1d14,daily,2025-02-24 08:41:50,-166.787594672353
Read NP,a78fa1f5-369a-4039-a973-d610212f1d14,daily,2025-02-25 07:12:28,-166.787594672353
Read NP,a78fa1f5-369a-4039-a973-d610212f1d14,daily,2025-02-26 14:41:46,-166.787594672353
Read NP,a78fa1f5-369a-4039-a973-d610212f1d14,daily,2025-02-27 16:08:36,-166.787594672353
Read NP,a78fa1f5-369a-4039-a973-d610212f1d14,daily,2025-03-02 09:14:37,-166.787594672353
Read NP,a78fa1f5-369a-4039-a973-d610212f1d14,daily,2025-03-02 17:46:53,-163.42968171649864
Read NP,a78fa1f5-369a-4039-a973-d610212f1d14,daily,2025-03-04 01:38:39,-163.42968171649864
Read NP,a78fa1f5-369a-4039-a973-d610212f1d14,daily,2025-03-06 13:34:08,-166.787594672353
Read NP,a78fa1f5-369a-4039-a973-d610212f1d14,daily,2025-03-07 05:05:38,-170.14550762820738
Read NP,a78fa1f5-369a-4039-a973-d610212f1d14,daily,2025-03-08 15:41:58,-166.787594672353
Read NP,a78fa1f5-369a-4039-a973-d610212f1d14,daily,2025-03-09 17:48:49,-163.42968171649864
Read NP,a78fa1f5-369a-4039-a973-d610212f1d14,daily,2025-03-10 14:54:03,-160.07176876064426
10 pages ,4bfe5953-9e52-4f35-a1a6-72f3fc8fad24,habit,2024-07-08 07:13:26,1
10 pages ,4bfe5953-9e52-4f35-a1a6-72f3fc8fad24,habit,2024-07-10 17:44:30,1.243614090235369
10 pages ,4bfe5953-9e52-4f35-a1a6-72f3fc8fad24,habit,2024-07-18 17:36:25,1
10 pages ,4bfe5953-9e52-4f35-a1a6-72f3fc8fad24,habit,2024-07-26 15:45:33,1
10 pages ,4bfe5953-9e52-4f35-a1a6-72f3fc8fad24,habit,2024-07-28 06:56:41,1.243614090235369
10 pages ,4bfe5953-9e52-4f35-a1a6-72f3fc8fad24,habit,2024-09-23 19:38:48,1
10 pages ,4bfe5953-9e52-4f35-a1a6-72f3fc8fad24,habit,2024-10-15 14:34:41,1
10 pages ,4bfe5953-9e52-4f35-a1a6-72f3fc8fad24,habit,2024-10-27 06:59:22,1
10 pages ,4bfe5953-9e52-4f35-a1a6-72f3fc8fad24,habit,2024-11-02 17:51:30,1
10 pages ,4bfe5953-9e52-4f35-a1a6-72f3fc8fad24,habit,2024-11-06 04:36:55,1.1218019312959666
AMP,efe7dc6e-fed4-42c9-874e-471eec0649b2,daily,2024-07-03 07:29:42,11.672273329415765
AMP,efe7dc6e-fed4-42c9-874e-471eec0649b2,daily,2024-08-02 14:06:55,28.52219207846161
AMP,efe7dc6e-fed4-42c9-874e-471eec0649b2,daily,2024-09-05 04:32:56,52.29222995369493
AMP,efe7dc6e-fed4-42c9-874e-471eec0649b2,daily,2024-10-01 13:18:24,76.5886302013211
AMP,efe7dc6e-fed4-42c9-874e-471eec0649b2,daily,2024-11-01 14:34:51,88.12451850922025
AMP,efe7dc6e-fed4-42c9-874e-471eec0649b2,daily,2024-12-01 04:46:18,115.87226705907185
AMP,efe7dc6e-fed4-42c9-874e-471eec0649b2,daily,2025-01-02 12:27:47,117.87500074105088
AMP,efe7dc6e-fed4-42c9-874e-471eec0649b2,daily,2025-01-08 13:11:07,118.55144534670772
AMP,efe7dc6e-fed4-42c9-874e-471eec0649b2,daily,2025-01-08 17:56:38,119.1312550086993
AMP,efe7dc6e-fed4-42c9-874e-471eec0649b2,daily,2025-01-11 03:57:34,119.71106467069087
AMP,efe7dc6e-fed4-42c9-874e-471eec0649b2,daily,2025-01-12 02:10:09,119.71106467069087
AMP,efe7dc6e-fed4-42c9-874e-471eec0649b2,daily,2025-01-13 02:40:49,119.71106467069087
AMP,efe7dc6e-fed4-42c9-874e-471eec0649b2,daily,2025-01-14 04:21:27,120.29087433268245
AMP,efe7dc6e-fed4-42c9-874e-471eec0649b2,daily,2025-01-15 01:34:01,120.29087433268245
AMP,efe7dc6e-fed4-42c9-874e-471eec0649b2,daily,2025-01-15 18:43:22,120.87068399467402
AMP,efe7dc6e-fed4-42c9-874e-471eec0649b2,daily,2025-01-17 17:53:29,120.87068399467402
AMP,efe7dc6e-fed4-42c9-874e-471eec0649b2,daily,2025-01-18 17:59:23,120.87068399467402
AMP,efe7dc6e-fed4-42c9-874e-471eec0649b2,daily,2025-01-19 13:26:47,120.87068399467402
AMP,efe7dc6e-fed4-42c9-874e-471eec0649b2,daily,2025-01-21 00:44:38,121.4504936566656
AMP,efe7dc6e-fed4-42c9-874e-471eec0649b2,daily,2025-01-22 03:00:34,121.4504936566656
AMP,efe7dc6e-fed4-42c9-874e-471eec0649b2,daily,2025-01-23 13:21:58,122.03030331865718
AMP,efe7dc6e-fed4-42c9-874e-471eec0649b2,daily,2025-01-25 02:52:08,122.61011298064875
AMP,efe7dc6e-fed4-42c9-874e-471eec0649b2,daily,2025-01-28 01:46:13,123.18992264264033
AMP,efe7dc6e-fed4-42c9-874e-471eec0649b2,daily,2025-01-29 03:54:49,123.18992264264033
AMP,efe7dc6e-fed4-42c9-874e-471eec0649b2,daily,2025-01-30 14:18:39,123.18992264264033
AMP,efe7dc6e-fed4-42c9-874e-471eec0649b2,daily,2025-01-31 14:44:01,123.18992264264033
AMP,efe7dc6e-fed4-42c9-874e-471eec0649b2,daily,2025-02-01 04:34:55,123.7697323046319
AMP,efe7dc6e-fed4-42c9-874e-471eec0649b2,daily,2025-02-03 01:24:45,123.7697323046319
AMP,efe7dc6e-fed4-42c9-874e-471eec0649b2,daily,2025-02-03 17:10:49,124.34954196662348
AMP,efe7dc6e-fed4-42c9-874e-471eec0649b2,daily,2025-02-05 17:24:34,124.34954196662348
AMP,efe7dc6e-fed4-42c9-874e-471eec0649b2,daily,2025-02-06 15:27:37,124.34954196662348
AMP,efe7dc6e-fed4-42c9-874e-471eec0649b2,daily,2025-02-08 03:10:14,124.92935162861505
AMP,efe7dc6e-fed4-42c9-874e-471eec0649b2,daily,2025-02-09 13:16:02,124.92935162861505
AMP,efe7dc6e-fed4-42c9-874e-471eec0649b2,daily,2025-02-11 02:36:26,125.50916129060663
AMP,efe7dc6e-fed4-42c9-874e-471eec0649b2,daily,2025-02-12 14:37:20,125.50916129060663
AMP,efe7dc6e-fed4-42c9-874e-471eec0649b2,daily,2025-02-15 04:52:56,125.50916129060663
AMP,efe7dc6e-fed4-42c9-874e-471eec0649b2,daily,2025-02-17 14:18:41,125.50916129060663
AMP,efe7dc6e-fed4-42c9-874e-471eec0649b2,daily,2025-02-18 17:38:04,126.0889709525982
AMP,efe7dc6e-fed4-42c9-874e-471eec0649b2,daily,2025-02-20 13:16:09,125.50916129060663
AMP,efe7dc6e-fed4-42c9-874e-471eec0649b2,daily,2025-02-21 13:04:04,125.50916129060663
AMP,efe7dc6e-fed4-42c9-874e-471eec0649b2,daily,2025-02-21 17:54:17,126.0889709525982
AMP,efe7dc6e-fed4-42c9-874e-471eec0649b2,daily,2025-02-23 17:09:01,126.0889709525982
AMP,efe7dc6e-fed4-42c9-874e-471eec0649b2,daily,2025-02-24 08:41:50,126.0889709525982
AMP,efe7dc6e-fed4-42c9-874e-471eec0649b2,daily,2025-02-24 17:59:42,126.66878061458978
AMP,efe7dc6e-fed4-42c9-874e-471eec0649b2,daily,2025-02-26 14:41:46,126.66878061458978
AMP,efe7dc6e-fed4-42c9-874e-471eec0649b2,daily,2025-02-27 16:08:36,126.66878061458978
AMP,efe7dc6e-fed4-42c9-874e-471eec0649b2,daily,2025-03-02 09:14:37,126.66878061458978
AMP,efe7dc6e-fed4-42c9-874e-471eec0649b2,daily,2025-03-03 11:05:41,126.66878061458978
AMP,efe7dc6e-fed4-42c9-874e-471eec0649b2,daily,2025-03-03 17:35:27,127.24859027658135
AMP,efe7dc6e-fed4-42c9-874e-471eec0649b2,daily,2025-03-06 13:34:08,127.82839993857293
AMP,efe7dc6e-fed4-42c9-874e-471eec0649b2,daily,2025-03-07 05:05:38,127.82839993857293
AMP,efe7dc6e-fed4-42c9-874e-471eec0649b2,daily,2025-03-08 15:41:58,128.4082096005645
AMP,efe7dc6e-fed4-42c9-874e-471eec0649b2,daily,2025-03-09 17:48:50,128.4082096005645
AMP,efe7dc6e-fed4-42c9-874e-471eec0649b2,daily,2025-03-10 14:54:03,128.4082096005645
AMP,efe7dc6e-fed4-42c9-874e-471eec0649b2,daily,2025-03-10 17:58:45,128.98801926255607
DSA,0158bf6f-96f0-4c35-b588-1e72d3b10403,daily,2024-07-03 15:47:24,4.850923414520112
DSA,0158bf6f-96f0-4c35-b588-1e72d3b10403,daily,2024-08-01 02:36:09,13.489242365959463
DSA,0158bf6f-96f0-4c35-b588-1e72d3b10403,daily,2024-09-01 04:48:37,15.516704871525445
DSA,0158bf6f-96f0-4c35-b588-1e72d3b10403,daily,2024-10-01 13:18:24,18.879276316738142
DSA,0158bf6f-96f0-4c35-b588-1e72d3b10403,daily,2024-11-01 14:34:51,27.393754359745408
DSA,0158bf6f-96f0-4c35-b588-1e72d3b10403,daily,2024-12-01 04:46:18,34.516640297552286
DSA,0158bf6f-96f0-4c35-b588-1e72d3b10403,daily,2025-01-02 12:27:47,36.23347867417667
DSA,0158bf6f-96f0-4c35-b588-1e72d3b10403,daily,2025-01-05 14:47:51,36.62001844883772
DSA,0158bf6f-96f0-4c35-b588-1e72d3b10403,daily,2025-01-06 13:05:17,36.62001844883772
DSA,0158bf6f-96f0-4c35-b588-1e72d3b10403,daily,2025-01-07 00:44:26,37.19982811082929
DSA,0158bf6f-96f0-4c35-b588-1e72d3b10403,daily,2025-01-08 13:11:07,37.19982811082929
DSA,0158bf6f-96f0-4c35-b588-1e72d3b10403,daily,2025-01-09 08:44:50,37.779637772820855
DSA,0158bf6f-96f0-4c35-b588-1e72d3b10403,daily,2025-01-11 03:57:34,38.359447434812424
DSA,0158bf6f-96f0-4c35-b588-1e72d3b10403,daily,2025-01-12 02:10:09,38.359447434812424
DSA,0158bf6f-96f0-4c35-b588-1e72d3b10403,daily,2025-01-13 02:40:49,38.359447434812424
DSA,0158bf6f-96f0-4c35-b588-1e72d3b10403,daily,2025-01-14 04:21:27,38.93925709680399
DSA,0158bf6f-96f0-4c35-b588-1e72d3b10403,daily,2025-01-15 01:34:01,38.93925709680399
DSA,0158bf6f-96f0-4c35-b588-1e72d3b10403,daily,2025-01-15 18:43:22,39.51906675879556
DSA,0158bf6f-96f0-4c35-b588-1e72d3b10403,daily,2025-01-17 17:53:29,39.51906675879556
DSA,0158bf6f-96f0-4c35-b588-1e72d3b10403,daily,2025-01-18 17:59:23,39.51906675879556
DSA,0158bf6f-96f0-4c35-b588-1e72d3b10403,daily,2025-01-19 13:26:47,39.51906675879556
DSA,0158bf6f-96f0-4c35-b588-1e72d3b10403,daily,2025-01-21 00:44:38,41.64778946426539
DSA,0158bf6f-96f0-4c35-b588-1e72d3b10403,daily,2025-01-22 03:00:34,41.64778946426539
DSA,0158bf6f-96f0-4c35-b588-1e72d3b10403,daily,2025-01-23 13:21:58,41.06797980227382
DSA,0158bf6f-96f0-4c35-b588-1e72d3b10403,daily,2025-01-25 02:52:08,41.64778946426539
DSA,0158bf6f-96f0-4c35-b588-1e72d3b10403,daily,2025-01-28 01:46:13,42.227599126256955
DSA,0158bf6f-96f0-4c35-b588-1e72d3b10403,daily,2025-01-29 03:54:49,42.227599126256955
DSA,0158bf6f-96f0-4c35-b588-1e72d3b10403,daily,2025-01-30 14:18:39,42.227599126256955
DSA,0158bf6f-96f0-4c35-b588-1e72d3b10403,daily,2025-01-31 14:44:01,42.227599126256955
DSA,0158bf6f-96f0-4c35-b588-1e72d3b10403,daily,2025-02-01 04:34:56,41.64778946426539
DSA,0158bf6f-96f0-4c35-b588-1e72d3b10403,daily,2025-02-03 01:24:45,41.64778946426539
DSA,0158bf6f-96f0-4c35-b588-1e72d3b10403,daily,2025-02-04 13:35:07,43.82553727058685
DSA,0158bf6f-96f0-4c35-b588-1e72d3b10403,daily,2025-02-05 17:24:34,43.82553727058685
DSA,0158bf6f-96f0-4c35-b588-1e72d3b10403,daily,2025-02-06 15:27:37,43.82553727058685
DSA,0158bf6f-96f0-4c35-b588-1e72d3b10403,daily,2025-02-08 03:10:14,44.40534693257842
DSA,0158bf6f-96f0-4c35-b588-1e72d3b10403,daily,2025-02-09 13:16:02,44.40534693257842
DSA,0158bf6f-96f0-4c35-b588-1e72d3b10403,daily,2025-02-11 02:36:26,44.985156594569986
DSA,0158bf6f-96f0-4c35-b588-1e72d3b10403,daily,2025-02-12 14:37:20,44.985156594569986
DSA,0158bf6f-96f0-4c35-b588-1e72d3b10403,daily,2025-02-15 04:52:56,44.985156594569986
DSA,0158bf6f-96f0-4c35-b588-1e72d3b10403,daily,2025-02-17 14:18:41,44.985156594569986
DSA,0158bf6f-96f0-4c35-b588-1e72d3b10403,daily,2025-02-18 17:38:04,45.564966256561554
DSA,0158bf6f-96f0-4c35-b588-1e72d3b10403,daily,2025-02-20 13:16:08,46.14477591855312
DSA,0158bf6f-96f0-4c35-b588-1e72d3b10403,daily,2025-02-21 13:04:04,46.14477591855312
DSA,0158bf6f-96f0-4c35-b588-1e72d3b10403,daily,2025-02-22 14:53:08,46.14477591855312
DSA,0158bf6f-96f0-4c35-b588-1e72d3b10403,daily,2025-02-23 17:09:01,46.14477591855312
DSA,0158bf6f-96f0-4c35-b588-1e72d3b10403,daily,2025-02-24 08:41:50,46.14477591855312
DSA,0158bf6f-96f0-4c35-b588-1e72d3b10403,daily,2025-02-25 07:12:28,46.72458558054469
DSA,0158bf6f-96f0-4c35-b588-1e72d3b10403,daily,2025-02-26 14:41:46,46.72458558054469
DSA,0158bf6f-96f0-4c35-b588-1e72d3b10403,daily,2025-02-27 16:08:36,46.72458558054469
DSA,0158bf6f-96f0-4c35-b588-1e72d3b10403,daily,2025-03-02 09:14:37,46.72458558054469
DSA,0158bf6f-96f0-4c35-b588-1e72d3b10403,daily,2025-03-03 11:05:41,46.72458558054469
DSA,0158bf6f-96f0-4c35-b588-1e72d3b10403,daily,2025-03-03 11:06:08,47.30439524253626
DSA,0158bf6f-96f0-4c35-b588-1e72d3b10403,daily,2025-03-06 13:34:08,47.88420490452783
DSA,0158bf6f-96f0-4c35-b588-1e72d3b10403,daily,2025-03-07 05:05:38,47.88420490452783
DSA,0158bf6f-96f0-4c35-b588-1e72d3b10403,daily,2025-03-08 15:41:58,48.464014566519396
DSA,0158bf6f-96f0-4c35-b588-1e72d3b10403,daily,2025-03-09 17:48:50,48.464014566519396
DSA,0158bf6f-96f0-4c35-b588-1e72d3b10403,daily,2025-03-10 14:54:03,48.464014566519396
Study SM,a5e93e43-df68-4381-a1f3-1ecd3cc61af6,habit,2024-07-08 14:18:23,1
Study SM,a5e93e43-df68-4381-a1f3-1ecd3cc61af6,habit,2024-07-11 15:50:13,1.1218019312959666
Study SM,a5e93e43-df68-4381-a1f3-1ecd3cc61af6,habit,2024-07-18 03:49:08,1
Study SM,a5e93e43-df68-4381-a1f3-1ecd3cc61af6,habit,2024-07-20 08:42:04,1.243614090235369
Study SM,a5e93e43-df68-4381-a1f3-1ecd3cc61af6,habit,2024-07-23 03:13:11,1.1514761485217568
Study SM,a5e93e43-df68-4381-a1f3-1ecd3cc61af6,habit,2024-07-28 12:19:59,1
Study SM,a5e93e43-df68-4381-a1f3-1ecd3cc61af6,habit,2024-08-03 17:13:14,1
Study SM,a5e93e43-df68-4381-a1f3-1ecd3cc61af6,habit,2024-11-11 04:44:52,1
Get up at your selected wake time,8fe93016-6ab6-4952-8d8c-7d413faa531e,daily,2024-07-18 00:55:38,5.379389877301335
Get up at your selected wake time,8fe93016-6ab6-4952-8d8c-7d413faa531e,daily,2024-08-01 02:37:50,16.367493252889616
Get up at your selected wake time,8fe93016-6ab6-4952-8d8c-7d413faa531e,daily,2024-09-01 04:48:37,23.15955676849373
Get up at your selected wake time,8fe93016-6ab6-4952-8d8c-7d413faa531e,daily,2024-10-01 13:18:24,35.55137799300441
Get up at your selected wake time,8fe93016-6ab6-4952-8d8c-7d413faa531e,daily,2024-11-01 14:35:10,49.106385401410535
Get up at your selected wake time,8fe93016-6ab6-4952-8d8c-7d413faa531e,daily,2024-12-02 05:16:44,63.76094934072787
Get up at your selected wake time,8fe93016-6ab6-4952-8d8c-7d413faa531e,daily,2025-01-01 14:23:56,67.1945141566742
Get up at your selected wake time,8fe93016-6ab6-4952-8d8c-7d413faa531e,daily,2025-01-02 12:27:55,67.77432381866578
Get up at your selected wake time,8fe93016-6ab6-4952-8d8c-7d413faa531e,daily,2025-01-03 02:52:31,68.35413348065735
Get up at your selected wake time,8fe93016-6ab6-4952-8d8c-7d413faa531e,daily,2025-01-04 18:08:22,68.93394314264893
Get up at your selected wake time,8fe93016-6ab6-4952-8d8c-7d413faa531e,daily,2025-01-05 14:48:02,69.5137528046405
Get up at your selected wake time,8fe93016-6ab6-4952-8d8c-7d413faa531e,daily,2025-01-07 00:44:26,70.09356246663208
Get up at your selected wake time,8fe93016-6ab6-4952-8d8c-7d413faa531e,daily,2025-01-08 13:11:07,70.67337212862365
Get up at your selected wake time,8fe93016-6ab6-4952-8d8c-7d413faa531e,daily,2025-01-08 17:56:41,71.25318179061523
Get up at your selected wake time,8fe93016-6ab6-4952-8d8c-7d413faa531e,daily,2025-01-11 03:57:34,71.8329914526068
Get up at your selected wake time,8fe93016-6ab6-4952-8d8c-7d413faa531e,daily,2025-01-11 03:58:05,72.41280111459838
Get up at your selected wake time,8fe93016-6ab6-4952-8d8c-7d413faa531e,daily,2025-01-13 02:40:49,72.99261077658996
Get up at your selected wake time,8fe93016-6ab6-4952-8d8c-7d413faa531e,daily,2025-01-13 02:40:55,73.57242043858153
Get up at your selected wake time,8fe93016-6ab6-4952-8d8c-7d413faa531e,daily,2025-01-15 01:34:00,74.1522301005731
Get up at your selected wake time,8fe93016-6ab6-4952-8d8c-7d413faa531e,daily,2025-01-15 01:41:44,74.73203976256468
Get up at your selected wake time,8fe93016-6ab6-4952-8d8c-7d413faa531e,daily,2025-01-17 17:53:29,74.73203976256468
Get up at your selected wake time,8fe93016-6ab6-4952-8d8c-7d413faa531e,daily,2025-01-18 17:59:23,74.73203976256468
Get up at your selected wake time,8fe93016-6ab6-4952-8d8c-7d413faa531e,daily,2025-01-19 13:26:47,74.73203976256468
Get up at your selected wake time,8fe93016-6ab6-4952-8d8c-7d413faa531e,daily,2025-01-19 18:19:58,75.31184942455626
Get up at your selected wake time,8fe93016-6ab6-4952-8d8c-7d413faa531e,daily,2025-01-21 00:44:48,75.89165908654783
Get up at your selected wake time,8fe93016-6ab6-4952-8d8c-7d413faa531e,daily,2025-01-22 13:47:44,76.47146874853941
Get up at your selected wake time,8fe93016-6ab6-4952-8d8c-7d413faa531e,daily,2025-01-23 13:22:43,77.05127841053098
Get up at your selected wake time,8fe93016-6ab6-4952-8d8c-7d413faa531e,daily,2025-01-28 01:46:13,77.63108807252256
Get up at your selected wake time,8fe93016-6ab6-4952-8d8c-7d413faa531e,daily,2025-01-28 01:46:49,78.21089773451413
Get up at your selected wake time,8fe93016-6ab6-4952-8d8c-7d413faa531e,daily,2025-01-29 03:54:59,78.79070739650571
Get up at your selected wake time,8fe93016-6ab6-4952-8d8c-7d413faa531e,daily,2025-01-30 14:18:47,79.37051705849728
Get up at your selected wake time,8fe93016-6ab6-4952-8d8c-7d413faa531e,daily,2025-01-31 14:44:10,79.95032672048886
Get up at your selected wake time,8fe93016-6ab6-4952-8d8c-7d413faa531e,daily,2025-02-01 04:35:10,80.53013638248044
Get up at your selected wake time,8fe93016-6ab6-4952-8d8c-7d413faa531e,daily,2025-02-03 01:25:02,81.10994604447201
Get up at your selected wake time,8fe93016-6ab6-4952-8d8c-7d413faa531e,daily,2025-02-04 13:35:16,81.68975570646359
Get up at your selected wake time,8fe93016-6ab6-4952-8d8c-7d413faa531e,daily,2025-02-06 15:27:37,81.68975570646359
Get up at your selected wake time,8fe93016-6ab6-4952-8d8c-7d413faa531e,daily,2025-02-08 03:10:14,82.26956536845516
Get up at your selected wake time,8fe93016-6ab6-4952-8d8c-7d413faa531e,daily,2025-02-08 03:12:20,82.84937503044674
Get up at your selected wake time,8fe93016-6ab6-4952-8d8c-7d413faa531e,daily,2025-02-11 02:36:26,83.42918469243831
Get up at your selected wake time,8fe93016-6ab6-4952-8d8c-7d413faa531e,daily,2025-02-11 02:36:42,84.00899435442989
Get up at your selected wake time,8fe93016-6ab6-4952-8d8c-7d413faa531e,daily,2025-02-15 04:52:56,84.00899435442989
Get up at your selected wake time,8fe93016-6ab6-4952-8d8c-7d413faa531e,daily,2025-02-15 04:54:12,84.58880401642146
Get up at your selected wake time,8fe93016-6ab6-4952-8d8c-7d413faa531e,daily,2025-02-17 14:23:35,85.16861367841304
Get up at your selected wake time,8fe93016-6ab6-4952-8d8c-7d413faa531e,daily,2025-02-18 17:38:32,85.74842334040461
Get up at your selected wake time,8fe93016-6ab6-4952-8d8c-7d413faa531e,daily,2025-02-21 13:04:04,85.74842334040461
Get up at your selected wake time,8fe93016-6ab6-4952-8d8c-7d413faa531e,daily,2025-02-21 16:13:18,86.32823300239619
Get up at your selected wake time,8fe93016-6ab6-4952-8d8c-7d413faa531e,daily,2025-02-23 17:09:01,86.32823300239619
Get up at your selected wake time,8fe93016-6ab6-4952-8d8c-7d413faa531e,daily,2025-02-24 08:41:50,86.32823300239619
Get up at your selected wake time,8fe93016-6ab6-4952-8d8c-7d413faa531e,daily,2025-02-24 08:42:04,86.90804266438776
Get up at your selected wake time,8fe93016-6ab6-4952-8d8c-7d413faa531e,daily,2025-02-26 14:41:45,87.48785232637934
Get up at your selected wake time,8fe93016-6ab6-4952-8d8c-7d413faa531e,daily,2025-02-27 16:08:36,87.48785232637934
Get up at your selected wake time,8fe93016-6ab6-4952-8d8c-7d413faa531e,daily,2025-02-27 16:11:46,88.06766198837092
Get up at your selected wake time,8fe93016-6ab6-4952-8d8c-7d413faa531e,daily,2025-03-02 17:46:59,88.64747165036249
Get up at your selected wake time,8fe93016-6ab6-4952-8d8c-7d413faa531e,daily,2025-03-03 11:06:03,89.22728131235407
Get up at your selected wake time,8fe93016-6ab6-4952-8d8c-7d413faa531e,daily,2025-03-04 01:38:52,89.80709097434564
Get up at your selected wake time,8fe93016-6ab6-4952-8d8c-7d413faa531e,daily,2025-03-07 05:05:37,90.38690063633722
Get up at your selected wake time,8fe93016-6ab6-4952-8d8c-7d413faa531e,daily,2025-03-08 15:41:58,90.96671029832879
Get up at your selected wake time,8fe93016-6ab6-4952-8d8c-7d413faa531e,daily,2025-03-09 17:48:49,91.54651996032037
Get up at your selected wake time,8fe93016-6ab6-4952-8d8c-7d413faa531e,daily,2025-03-10 14:54:03,92.12632962231194
Get up at your selected wake time,8fe93016-6ab6-4952-8d8c-7d413faa531e,daily,2025-03-10 14:54:23,92.70613928430352
Go to bed at your selected bedtime,64e20b51-90ec-4cd4-a6b4-b248bd97dd13,daily,2024-07-17 17:50:04,4.333944337263652
Go to bed at your selected bedtime,64e20b51-90ec-4cd4-a6b4-b248bd97dd13,daily,2024-08-01 18:21:00,19.41177859072218
Go to bed at your selected bedtime,64e20b51-90ec-4cd4-a6b4-b248bd97dd13,daily,2024-09-01 04:48:37,27.832665258631362
Go to bed at your selected bedtime,64e20b51-90ec-4cd4-a6b4-b248bd97dd13,daily,2024-10-02 08:13:00,38.67497226938476
Go to bed at your selected bedtime,64e20b51-90ec-4cd4-a6b4-b248bd97dd13,daily,2024-11-02 03:55:04,53.27616218992993
Go to bed at your selected bedtime,64e20b51-90ec-4cd4-a6b4-b248bd97dd13,daily,2024-12-02 05:16:44,66.27267962274226
Go to bed at your selected bedtime,64e20b51-90ec-4cd4-a6b4-b248bd97dd13,daily,2025-01-01 14:23:50,69.77123846862347
Go to bed at your selected bedtime,64e20b51-90ec-4cd4-a6b4-b248bd97dd13,daily,2025-01-07 00:44:26,71.80057228559397
Go to bed at your selected bedtime,64e20b51-90ec-4cd4-a6b4-b248bd97dd13,daily,2025-01-08 13:11:07,72.38038194758555
Go to bed at your selected bedtime,64e20b51-90ec-4cd4-a6b4-b248bd97dd13,daily,2025-01-08 17:56:47,72.96019160957712
Go to bed at your selected bedtime,64e20b51-90ec-4cd4-a6b4-b248bd97dd13,daily,2025-01-11 03:57:34,73.5400012715687
Go to bed at your selected bedtime,64e20b51-90ec-4cd4-a6b4-b248bd97dd13,daily,2025-01-12 02:10:09,74.11981093356027
Go to bed at your selected bedtime,64e20b51-90ec-4cd4-a6b4-b248bd97dd13,daily,2025-01-13 02:40:49,74.69962059555185
Go to bed at your selected bedtime,64e20b51-90ec-4cd4-a6b4-b248bd97dd13,daily,2025-01-14 04:21:27,75.27943025754342
Go to bed at your selected bedtime,64e20b51-90ec-4cd4-a6b4-b248bd97dd13,daily,2025-01-15 01:34:01,74.69962059555185
Go to bed at your selected bedtime,64e20b51-90ec-4cd4-a6b4-b248bd97dd13,daily,2025-01-15 18:43:22,75.27943025754342
Go to bed at your selected bedtime,64e20b51-90ec-4cd4-a6b4-b248bd97dd13,daily,2025-01-17 17:53:29,75.27943025754342
Go to bed at your selected bedtime,64e20b51-90ec-4cd4-a6b4-b248bd97dd13,daily,2025-01-18 17:59:23,75.27943025754342
Go to bed at your selected bedtime,64e20b51-90ec-4cd4-a6b4-b248bd97dd13,daily,2025-01-19 13:26:47,75.27943025754342
Go to bed at your selected bedtime,64e20b51-90ec-4cd4-a6b4-b248bd97dd13,daily,2025-01-19 18:20:00,75.859239919535
Go to bed at your selected bedtime,64e20b51-90ec-4cd4-a6b4-b248bd97dd13,daily,2025-01-22 03:00:34,76.43904958152658
Go to bed at your selected bedtime,64e20b51-90ec-4cd4-a6b4-b248bd97dd13,daily,2025-01-23 13:21:58,77.01885924351815
Go to bed at your selected bedtime,64e20b51-90ec-4cd4-a6b4-b248bd97dd13,daily,2025-01-23 17:32:36,77.59866890550973
Go to bed at your selected bedtime,64e20b51-90ec-4cd4-a6b4-b248bd97dd13,daily,2025-01-28 01:46:13,78.1784785675013
Go to bed at your selected bedtime,64e20b51-90ec-4cd4-a6b4-b248bd97dd13,daily,2025-01-29 03:54:49,78.75828822949288
Go to bed at your selected bedtime,64e20b51-90ec-4cd4-a6b4-b248bd97dd13,daily,2025-01-30 14:18:38,79.33809789148445
Go to bed at your selected bedtime,64e20b51-90ec-4cd4-a6b4-b248bd97dd13,daily,2025-01-31 14:44:00,79.91790755347603
Go to bed at your selected bedtime,64e20b51-90ec-4cd4-a6b4-b248bd97dd13,daily,2025-02-01 04:34:55,80.4977172154676
Go to bed at your selected bedtime,64e20b51-90ec-4cd4-a6b4-b248bd97dd13,daily,2025-02-01 17:55:29,81.07752687745918
Go to bed at your selected bedtime,64e20b51-90ec-4cd4-a6b4-b248bd97dd13,daily,2025-02-04 13:35:07,81.65733653945075
Go to bed at your selected bedtime,64e20b51-90ec-4cd4-a6b4-b248bd97dd13,daily,2025-02-05 17:24:33,82.23714620144233
Go to bed at your selected bedtime,64e20b51-90ec-4cd4-a6b4-b248bd97dd13,daily,2025-02-06 15:27:37,82.23714620144233
Go to bed at your selected bedtime,64e20b51-90ec-4cd4-a6b4-b248bd97dd13,daily,2025-02-08 03:10:14,82.8169558634339
Go to bed at your selected bedtime,64e20b51-90ec-4cd4-a6b4-b248bd97dd13,daily,2025-02-09 13:16:01,83.39676552542548
Go to bed at your selected bedtime,64e20b51-90ec-4cd4-a6b4-b248bd97dd13,daily,2025-02-11 02:36:26,83.97657518741705
Go to bed at your selected bedtime,64e20b51-90ec-4cd4-a6b4-b248bd97dd13,daily,2025-02-12 14:37:20,83.97657518741705
Go to bed at your selected bedtime,64e20b51-90ec-4cd4-a6b4-b248bd97dd13,daily,2025-02-15 04:52:56,83.97657518741705
Go to bed at your selected bedtime,64e20b51-90ec-4cd4-a6b4-b248bd97dd13,daily,2025-02-17 14:18:41,83.97657518741705
Go to bed at your selected bedtime,64e20b51-90ec-4cd4-a6b4-b248bd97dd13,daily,2025-02-18 17:38:04,84.55638484940863
Go to bed at your selected bedtime,64e20b51-90ec-4cd4-a6b4-b248bd97dd13,daily,2025-02-20 13:16:08,85.1361945114002
Go to bed at your selected bedtime,64e20b51-90ec-4cd4-a6b4-b248bd97dd13,daily,2025-02-21 13:04:04,85.1361945114002
Go to bed at your selected bedtime,64e20b51-90ec-4cd4-a6b4-b248bd97dd13,daily,2025-02-21 17:54:27,85.71600417339178
Go to bed at your selected bedtime,64e20b51-90ec-4cd4-a6b4-b248bd97dd13,daily,2025-02-23 17:09:00,86.29581383538336
Go to bed at your selected bedtime,64e20b51-90ec-4cd4-a6b4-b248bd97dd13,daily,2025-02-24 08:41:49,86.87562349737493
Go to bed at your selected bedtime,64e20b51-90ec-4cd4-a6b4-b248bd97dd13,daily,2025-02-25 07:12:28,87.4554331593665
Go to bed at your selected bedtime,64e20b51-90ec-4cd4-a6b4-b248bd97dd13,daily,2025-02-26 14:41:45,88.03524282135808
Go to bed at your selected bedtime,64e20b51-90ec-4cd4-a6b4-b248bd97dd13,daily,2025-02-27 16:08:36,88.03524282135808
Go to bed at your selected bedtime,64e20b51-90ec-4cd4-a6b4-b248bd97dd13,daily,2025-03-02 09:14:36,88.61505248334966
Go to bed at your selected bedtime,64e20b51-90ec-4cd4-a6b4-b248bd97dd13,daily,2025-03-02 17:47:03,89.19486214534123
Go to bed at your selected bedtime,64e20b51-90ec-4cd4-a6b4-b248bd97dd13,daily,2025-03-03 17:35:32,89.77467180733281
Go to bed at your selected bedtime,64e20b51-90ec-4cd4-a6b4-b248bd97dd13,daily,2025-03-06 13:34:08,90.35448146932438
Go to bed at your selected bedtime,64e20b51-90ec-4cd4-a6b4-b248bd97dd13,daily,2025-03-07 05:05:37,90.93429113131596
Go to bed at your selected bedtime,64e20b51-90ec-4cd4-a6b4-b248bd97dd13,daily,2025-03-08 15:41:58,91.51410079330753
Go to bed at your selected bedtime,64e20b51-90ec-4cd4-a6b4-b248bd97dd13,daily,2025-03-09 17:48:49,92.09391045529911
Go to bed at your selected bedtime,64e20b51-90ec-4cd4-a6b4-b248bd97dd13,daily,2025-03-10 14:54:03,92.67372011729069
Turn off or put away bright screens 30 minutes before bedtime,304f8eab-91e6-47f8-9875-d6c1e65b4948,daily,2024-07-18 00:55:38,4.833172607767172
Turn off or put away bright screens 30 minutes before bedtime,304f8eab-91e6-47f8-9875-d6c1e65b4948,daily,2024-08-01 18:21:02,18.606206673074546
Turn off or put away bright screens 30 minutes before bedtime,304f8eab-91e6-47f8-9875-d6c1e65b4948,daily,2024-09-01 04:48:37,27.828874097166175
Turn off or put away bright screens 30 minutes before bedtime,304f8eab-91e6-47f8-9875-d6c1e65b4948,daily,2024-10-02 08:13:00,38.249502454655534
Turn off or put away bright screens 30 minutes before bedtime,304f8eab-91e6-47f8-9875-d6c1e65b4948,daily,2024-11-02 03:55:04,50.959236741010024
Turn off or put away bright screens 30 minutes before bedtime,304f8eab-91e6-47f8-9875-d6c1e65b4948,daily,2024-12-02 05:16:44,63.94965091422242
Turn off or put away bright screens 30 minutes before bedtime,304f8eab-91e6-47f8-9875-d6c1e65b4948,daily,2025-01-01 14:23:50,66.86840009811205
Turn off or put away bright screens 30 minutes before bedtime,304f8eab-91e6-47f8-9875-d6c1e65b4948,daily,2025-01-07 00:44:26,68.31792425309098
Turn off or put away bright screens 30 minutes before bedtime,304f8eab-91e6-47f8-9875-d6c1e65b4948,daily,2025-01-08 13:11:07,68.89773391508255
Turn off or put away bright screens 30 minutes before bedtime,304f8eab-91e6-47f8-9875-d6c1e65b4948,daily,2025-01-08 17:56:46,69.47754357707413
Turn off or put away bright screens 30 minutes before bedtime,304f8eab-91e6-47f8-9875-d6c1e65b4948,daily,2025-01-11 03:57:35,68.89773391508255
Turn off or put away bright screens 30 minutes before bedtime,304f8eab-91e6-47f8-9875-d6c1e65b4948,daily,2025-01-12 02:10:09,69.47754357707413
Turn off or put away bright screens 30 minutes before bedtime,304f8eab-91e6-47f8-9875-d6c1e65b4948,daily,2025-01-13 02:40:49,68.89773391508255
Turn off or put away bright screens 30 minutes before bedtime,304f8eab-91e6-47f8-9875-d6c1e65b4948,daily,2025-01-14 04:21:27,69.47754357707413
Turn off or put away bright screens 30 minutes before bedtime,304f8eab-91e6-47f8-9875-d6c1e65b4948,daily,2025-01-15 01:34:01,68.89773391508255
Turn off or put away bright screens 30 minutes before bedtime,304f8eab-91e6-47f8-9875-d6c1e65b4948,daily,2025-01-15 18:43:22,69.47754357707413
Turn off or put away bright screens 30 minutes before bedtime,304f8eab-91e6-47f8-9875-d6c1e65b4948,daily,2025-01-17 17:53:29,69.47754357707413
Turn off or put away bright screens 30 minutes before bedtime,304f8eab-91e6-47f8-9875-d6c1e65b4948,daily,2025-01-18 17:59:23,69.47754357707413
Turn off or put away bright screens 30 minutes before bedtime,304f8eab-91e6-47f8-9875-d6c1e65b4948,daily,2025-01-19 13:26:47,69.47754357707413
Turn off or put away bright screens 30 minutes before bedtime,304f8eab-91e6-47f8-9875-d6c1e65b4948,daily,2025-01-19 18:19:59,70.0573532390657
Turn off or put away bright screens 30 minutes before bedtime,304f8eab-91e6-47f8-9875-d6c1e65b4948,daily,2025-01-22 03:00:34,70.63716290105728
Turn off or put away bright screens 30 minutes before bedtime,304f8eab-91e6-47f8-9875-d6c1e65b4948,daily,2025-01-23 13:21:58,71.21697256304886
Turn off or put away bright screens 30 minutes before bedtime,304f8eab-91e6-47f8-9875-d6c1e65b4948,daily,2025-01-23 17:32:35,71.79678222504043
Turn off or put away bright screens 30 minutes before bedtime,304f8eab-91e6-47f8-9875-d6c1e65b4948,daily,2025-01-28 01:46:13,71.79678222504043
Turn off or put away bright screens 30 minutes before bedtime,304f8eab-91e6-47f8-9875-d6c1e65b4948,daily,2025-01-29 03:54:49,72.376591887032
Turn off or put away bright screens 30 minutes before bedtime,304f8eab-91e6-47f8-9875-d6c1e65b4948,daily,2025-01-30 14:18:38,72.95640154902358
Turn off or put away bright screens 30 minutes before bedtime,304f8eab-91e6-47f8-9875-d6c1e65b4948,daily,2025-01-31 14:44:00,73.53621121101516
Turn off or put away bright screens 30 minutes before bedtime,304f8eab-91e6-47f8-9875-d6c1e65b4948,daily,2025-02-01 04:34:55,74.11602087300673
Turn off or put away bright screens 30 minutes before bedtime,304f8eab-91e6-47f8-9875-d6c1e65b4948,daily,2025-02-01 17:55:28,74.69583053499831
Turn off or put away bright screens 30 minutes before bedtime,304f8eab-91e6-47f8-9875-d6c1e65b4948,daily,2025-02-04 13:35:07,75.27564019698988
Turn off or put away bright screens 30 minutes before bedtime,304f8eab-91e6-47f8-9875-d6c1e65b4948,daily,2025-02-05 17:24:33,75.85544985898146
Turn off or put away bright screens 30 minutes before bedtime,304f8eab-91e6-47f8-9875-d6c1e65b4948,daily,2025-02-06 15:27:37,75.85544985898146
Turn off or put away bright screens 30 minutes before bedtime,304f8eab-91e6-47f8-9875-d6c1e65b4948,daily,2025-02-08 03:10:14,76.43525952097303
Turn off or put away bright screens 30 minutes before bedtime,304f8eab-91e6-47f8-9875-d6c1e65b4948,daily,2025-02-09 13:16:01,77.01506918296461
Turn off or put away bright screens 30 minutes before bedtime,304f8eab-91e6-47f8-9875-d6c1e65b4948,daily,2025-02-11 02:36:26,77.59487884495618
Turn off or put away bright screens 30 minutes before bedtime,304f8eab-91e6-47f8-9875-d6c1e65b4948,daily,2025-02-12 14:37:20,77.59487884495618
Turn off or put away bright screens 30 minutes before bedtime,304f8eab-91e6-47f8-9875-d6c1e65b4948,daily,2025-02-15 04:52:56,77.59487884495618
Turn off or put away bright screens 30 minutes before bedtime,304f8eab-91e6-47f8-9875-d6c1e65b4948,daily,2025-02-17 14:18:41,77.59487884495618
Turn off or put away bright screens 30 minutes before bedtime,304f8eab-91e6-47f8-9875-d6c1e65b4948,daily,2025-02-18 17:38:04,78.17468850694776
Turn off or put away bright screens 30 minutes before bedtime,304f8eab-91e6-47f8-9875-d6c1e65b4948,daily,2025-02-20 13:16:08,78.75449816893934
Turn off or put away bright screens 30 minutes before bedtime,304f8eab-91e6-47f8-9875-d6c1e65b4948,daily,2025-02-21 13:04:04,78.75449816893934
Turn off or put away bright screens 30 minutes before bedtime,304f8eab-91e6-47f8-9875-d6c1e65b4948,daily,2025-02-21 17:54:27,79.33430783093091
Turn off or put away bright screens 30 minutes before bedtime,304f8eab-91e6-47f8-9875-d6c1e65b4948,daily,2025-02-23 17:09:00,79.91411749292249
Turn off or put away bright screens 30 minutes before bedtime,304f8eab-91e6-47f8-9875-d6c1e65b4948,daily,2025-02-24 08:41:50,79.91411749292249
Turn off or put away bright screens 30 minutes before bedtime,304f8eab-91e6-47f8-9875-d6c1e65b4948,daily,2025-02-25 07:12:28,80.49392715491406
Turn off or put away bright screens 30 minutes before bedtime,304f8eab-91e6-47f8-9875-d6c1e65b4948,daily,2025-02-26 14:41:46,80.49392715491406
Turn off or put away bright screens 30 minutes before bedtime,304f8eab-91e6-47f8-9875-d6c1e65b4948,daily,2025-02-27 16:08:36,80.49392715491406
Turn off or put away bright screens 30 minutes before bedtime,304f8eab-91e6-47f8-9875-d6c1e65b4948,daily,2025-03-02 09:14:36,81.07373681690564
Turn off or put away bright screens 30 minutes before bedtime,304f8eab-91e6-47f8-9875-d6c1e65b4948,daily,2025-03-02 17:47:02,81.65354647889721
Turn off or put away bright screens 30 minutes before bedtime,304f8eab-91e6-47f8-9875-d6c1e65b4948,daily,2025-03-03 17:35:35,82.23335614088879
Turn off or put away bright screens 30 minutes before bedtime,304f8eab-91e6-47f8-9875-d6c1e65b4948,daily,2025-03-06 13:34:08,82.81316580288036
Turn off or put away bright screens 30 minutes before bedtime,304f8eab-91e6-47f8-9875-d6c1e65b4948,daily,2025-03-07 05:05:37,83.39297546487194
Turn off or put away bright screens 30 minutes before bedtime,304f8eab-91e6-47f8-9875-d6c1e65b4948,daily,2025-03-08 15:41:58,83.97278512686351
Turn off or put away bright screens 30 minutes before bedtime,304f8eab-91e6-47f8-9875-d6c1e65b4948,daily,2025-03-09 17:48:49,84.55259478885509
Turn off or put away bright screens 30 minutes before bedtime,304f8eab-91e6-47f8-9875-d6c1e65b4948,daily,2025-03-10 14:54:03,85.13240445084666
Avoid mentally stimulating activities in bed,bebe5ec6-8052-4cd8-8d72-66bd3cd7472f,habit,2024-07-18 17:36:21,5.049469944871896
Avoid mentally stimulating activities in bed,bebe5ec6-8052-4cd8-8d72-66bd3cd7472f,habit,2024-08-01 18:20:36,14.27260553627484
Avoid mentally stimulating activities in bed,bebe5ec6-8052-4cd8-8d72-66bd3cd7472f,habit,2024-09-07 15:33:30,16.861888528854617
Avoid mentally stimulating activities in bed,bebe5ec6-8052-4cd8-8d72-66bd3cd7472f,habit,2024-10-01 13:18:41,18.22338289541155
Avoid mentally stimulating activities in bed,bebe5ec6-8052-4cd8-8d72-66bd3cd7472f,habit,2024-11-01 14:35:18,20.65899240194392
Avoid mentally stimulating activities in bed,bebe5ec6-8052-4cd8-8d72-66bd3cd7472f,habit,2024-11-26 07:47:39,23.57697936515523
Avoid mentally stimulating activities in bed,bebe5ec6-8052-4cd8-8d72-66bd3cd7472f,habit,2024-11-27 15:46:48,24.156789027146797
Avoid mentally stimulating activities in bed,bebe5ec6-8052-4cd8-8d72-66bd3cd7472f,habit,2024-11-28 18:16:27,24.736598689138365
Avoid mentally stimulating activities in bed,bebe5ec6-8052-4cd8-8d72-66bd3cd7472f,habit,2024-11-30 15:10:19,25.8962180131215
Avoid mentally stimulating activities in bed,bebe5ec6-8052-4cd8-8d72-66bd3cd7472f,habit,2024-12-03 16:32:49,25.30759835852041
Avoid mentally stimulating activities in bed,bebe5ec6-8052-4cd8-8d72-66bd3cd7472f,habit,2024-12-05 17:26:23,25.887408020511977
Avoid mentally stimulating activities in bed,bebe5ec6-8052-4cd8-8d72-66bd3cd7472f,habit,2024-12-06 16:42:54,26.467217682503545
Avoid mentally stimulating activities in bed,bebe5ec6-8052-4cd8-8d72-66bd3cd7472f,habit,2024-12-07 17:54:15,25.878598027902452
Avoid mentally stimulating activities in bed,bebe5ec6-8052-4cd8-8d72-66bd3cd7472f,habit,2024-12-08 17:34:40,26.45840768989402
Avoid mentally stimulating activities in bed,bebe5ec6-8052-4cd8-8d72-66bd3cd7472f,habit,2024-12-09 09:06:01,25.869788035292927
Avoid mentally stimulating activities in bed,bebe5ec6-8052-4cd8-8d72-66bd3cd7472f,habit,2024-12-12 01:20:42,26.449597697284496
Avoid mentally stimulating activities in bed,bebe5ec6-8052-4cd8-8d72-66bd3cd7472f,habit,2024-12-13 17:15:37,27.609217021267632
Avoid mentally stimulating activities in bed,bebe5ec6-8052-4cd8-8d72-66bd3cd7472f,habit,2024-12-14 01:07:05,28.1890266832592
Avoid mentally stimulating activities in bed,bebe5ec6-8052-4cd8-8d72-66bd3cd7472f,habit,2024-12-16 01:18:59,28.76883634525077
Avoid mentally stimulating activities in bed,bebe5ec6-8052-4cd8-8d72-66bd3cd7472f,habit,2024-12-17 17:34:16,30.508265331225473
Avoid mentally stimulating activities in bed,bebe5ec6-8052-4cd8-8d72-66bd3cd7472f,habit,2024-12-18 17:32:49,31.66788465520861
Avoid mentally stimulating activities in bed,bebe5ec6-8052-4cd8-8d72-66bd3cd7472f,habit,2024-12-20 04:50:57,30.490645346006424
Avoid mentally stimulating activities in bed,bebe5ec6-8052-4cd8-8d72-66bd3cd7472f,habit,2024-12-21 13:34:31,31.070455007997992
Avoid mentally stimulating activities in bed,bebe5ec6-8052-4cd8-8d72-66bd3cd7472f,habit,2024-12-25 07:32:45,31.65026466998956
Avoid mentally stimulating activities in bed,bebe5ec6-8052-4cd8-8d72-66bd3cd7472f,habit,2024-12-26 17:58:55,31.061645015388468
Avoid mentally stimulating activities in bed,bebe5ec6-8052-4cd8-8d72-66bd3cd7472f,habit,2024-12-28 05:51:17,31.641454677380036
Avoid mentally stimulating activities in bed,bebe5ec6-8052-4cd8-8d72-66bd3cd7472f,habit,2024-12-28 05:51:17,31.641454677380036
Avoid mentally stimulating activities in bed,bebe5ec6-8052-4cd8-8d72-66bd3cd7472f,habit,2024-12-29 16:41:13,32.801074001363176
Avoid mentally stimulating activities in bed,bebe5ec6-8052-4cd8-8d72-66bd3cd7472f,habit,2024-12-30 17:18:52,32.21245434676209
Avoid mentally stimulating activities in bed,bebe5ec6-8052-4cd8-8d72-66bd3cd7472f,habit,2025-01-01 14:25:43,31.623834692160994
Avoid mentally stimulating activities in bed,bebe5ec6-8052-4cd8-8d72-66bd3cd7472f,habit,2025-01-03 17:14:26,32.203644354152566
Avoid mentally stimulating activities in bed,bebe5ec6-8052-4cd8-8d72-66bd3cd7472f,habit,2025-01-07 00:45:33,32.783454016144134
Avoid mentally stimulating activities in bed,bebe5ec6-8052-4cd8-8d72-66bd3cd7472f,habit,2025-01-08 13:11:22,33.3632636781357
Avoid mentally stimulating activities in bed,bebe5ec6-8052-4cd8-8d72-66bd3cd7472f,habit,2025-01-14 04:21:51,33.94307334012727
Avoid mentally stimulating activities in bed,bebe5ec6-8052-4cd8-8d72-66bd3cd7472f,habit,2025-01-15 01:42:42,33.35445368552618
Avoid mentally stimulating activities in bed,bebe5ec6-8052-4cd8-8d72-66bd3cd7472f,habit,2025-01-21 00:44:55,33.93426334751775
Avoid mentally stimulating activities in bed,bebe5ec6-8052-4cd8-8d72-66bd3cd7472f,habit,2025-01-23 17:32:41,35.673692333492454
Avoid mentally stimulating activities in bed,bebe5ec6-8052-4cd8-8d72-66bd3cd7472f,habit,2025-01-28 01:46:42,36.2446920028745
Avoid mentally stimulating activities in bed,bebe5ec6-8052-4cd8-8d72-66bd3cd7472f,habit,2025-01-29 17:45:10,37.40431132685764
Avoid mentally stimulating activities in bed,bebe5ec6-8052-4cd8-8d72-66bd3cd7472f,habit,2025-02-03 01:24:54,37.984120988849206
Avoid mentally stimulating activities in bed,bebe5ec6-8052-4cd8-8d72-66bd3cd7472f,habit,2025-02-06 16:23:52,37.39550133424811
Avoid mentally stimulating activities in bed,bebe5ec6-8052-4cd8-8d72-66bd3cd7472f,habit,2025-02-08 03:12:23,37.97531099623968
Avoid mentally stimulating activities in bed,bebe5ec6-8052-4cd8-8d72-66bd3cd7472f,habit,2025-02-09 13:16:11,37.38669134163858
Avoid mentally stimulating activities in bed,bebe5ec6-8052-4cd8-8d72-66bd3cd7472f,habit,2025-02-11 02:36:47,37.96650100363015
Avoid mentally stimulating activities in bed,bebe5ec6-8052-4cd8-8d72-66bd3cd7472f,habit,2025-02-15 04:54:16,38.54631066562172
Avoid mentally stimulating activities in bed,bebe5ec6-8052-4cd8-8d72-66bd3cd7472f,habit,2025-02-17 14:23:50,37.36907135641954
Avoid mentally stimulating activities in bed,bebe5ec6-8052-4cd8-8d72-66bd3cd7472f,habit,2025-02-18 17:38:21,36.78045170181845
Avoid mentally stimulating activities in bed,bebe5ec6-8052-4cd8-8d72-66bd3cd7472f,habit,2025-02-21 16:13:24,36.19183204721736
Avoid mentally stimulating activities in bed,bebe5ec6-8052-4cd8-8d72-66bd3cd7472f,habit,2025-02-22 16:16:09,37.3514513712005
Avoid mentally stimulating activities in bed,bebe5ec6-8052-4cd8-8d72-66bd3cd7472f,habit,2025-02-27 16:08:48,36.17421206199832
Avoid mentally stimulating activities in bed,bebe5ec6-8052-4cd8-8d72-66bd3cd7472f,habit,2025-03-02 17:47:08,36.75402172398989
Avoid mentally stimulating activities in bed,bebe5ec6-8052-4cd8-8d72-66bd3cd7472f,habit,2025-03-03 11:05:52,37.333831385981455
Avoid mentally stimulating activities in bed,bebe5ec6-8052-4cd8-8d72-66bd3cd7472f,habit,2025-03-04 17:57:51,37.91364104797302
Avoid mentally stimulating activities in bed,bebe5ec6-8052-4cd8-8d72-66bd3cd7472f,habit,2025-03-06 13:34:20,37.32502139337193
Avoid mentally stimulating activities in bed,bebe5ec6-8052-4cd8-8d72-66bd3cd7472f,habit,2025-03-08 16:06:06,38.48464071735506
Solve LC,578ad472-59cf-41d8-a8cd-8cd040e1ebec,daily,2024-07-27 04:16:53,0
Solve LC,578ad472-59cf-41d8-a8cd-8cd040e1ebec,daily,2024-08-01 02:36:10,5.701578121233416
Solve LC,578ad472-59cf-41d8-a8cd-8cd040e1ebec,daily,2024-09-01 04:48:37,9.276477436054233
Solve LC,578ad472-59cf-41d8-a8cd-8cd040e1ebec,daily,2024-10-02 08:13:00,12.942012626395538
Solve LC,578ad472-59cf-41d8-a8cd-8cd040e1ebec,daily,2024-11-01 14:34:51,16.4935332827524
Solve LC,578ad472-59cf-41d8-a8cd-8cd040e1ebec,daily,2024-12-02 05:16:44,20.32281955816003
Solve LC,578ad472-59cf-41d8-a8cd-8cd040e1ebec,daily,2025-01-01 14:23:50,20.88503936512546
Solve LC,578ad472-59cf-41d8-a8cd-8cd040e1ebec,daily,2025-01-07 00:44:26,21.277378478910972
Solve LC,578ad472-59cf-41d8-a8cd-8cd040e1ebec,daily,2025-01-08 13:11:07,21.277378478910972
Solve LC,578ad472-59cf-41d8-a8cd-8cd040e1ebec,daily,2025-01-09 08:44:50,21.277378478910972
Solve LC,578ad472-59cf-41d8-a8cd-8cd040e1ebec,daily,2025-01-11 03:57:35,21.277378478910972
Solve LC,578ad472-59cf-41d8-a8cd-8cd040e1ebec,daily,2025-01-12 02:10:09,21.85718814090254
Solve LC,578ad472-59cf-41d8-a8cd-8cd040e1ebec,daily,2025-01-13 02:40:49,21.85718814090254
Solve LC,578ad472-59cf-41d8-a8cd-8cd040e1ebec,daily,2025-01-14 04:21:27,21.85718814090254
Solve LC,578ad472-59cf-41d8-a8cd-8cd040e1ebec,daily,2025-01-15 01:34:01,21.85718814090254
Solve LC,578ad472-59cf-41d8-a8cd-8cd040e1ebec,daily,2025-01-15 18:43:23,21.85718814090254
Solve LC,578ad472-59cf-41d8-a8cd-8cd040e1ebec,daily,2025-01-17 17:53:29,21.85718814090254
Solve LC,578ad472-59cf-41d8-a8cd-8cd040e1ebec,daily,2025-01-18 17:59:23,21.85718814090254
Solve LC,578ad472-59cf-41d8-a8cd-8cd040e1ebec,daily,2025-01-19 13:26:47,21.85718814090254
Solve LC,578ad472-59cf-41d8-a8cd-8cd040e1ebec,daily,2025-01-21 00:44:39,21.85718814090254
Solve LC,578ad472-59cf-41d8-a8cd-8cd040e1ebec,daily,2025-01-22 03:00:34,21.85718814090254
Solve LC,578ad472-59cf-41d8-a8cd-8cd040e1ebec,daily,2025-01-23 13:21:58,21.85718814090254
Solve LC,578ad472-59cf-41d8-a8cd-8cd040e1ebec,daily,2025-01-23 17:32:50,22.43699780289411
Solve LC,578ad472-59cf-41d8-a8cd-8cd040e1ebec,daily,2025-01-28 01:46:13,22.43699780289411
Solve LC,578ad472-59cf-41d8-a8cd-8cd040e1ebec,daily,2025-01-29 03:54:50,22.43699780289411
Solve LC,578ad472-59cf-41d8-a8cd-8cd040e1ebec,daily,2025-01-30 14:18:39,22.43699780289411
Solve LC,578ad472-59cf-41d8-a8cd-8cd040e1ebec,daily,2025-01-31 14:44:01,22.43699780289411
Solve LC,578ad472-59cf-41d8-a8cd-8cd040e1ebec,daily,2025-02-01 04:34:56,22.43699780289411
Solve LC,578ad472-59cf-41d8-a8cd-8cd040e1ebec,daily,2025-02-01 17:55:35,23.016807464885677
Solve LC,578ad472-59cf-41d8-a8cd-8cd040e1ebec,daily,2025-02-04 13:35:07,23.016807464885677
Solve LC,578ad472-59cf-41d8-a8cd-8cd040e1ebec,daily,2025-02-05 17:24:34,23.016807464885677
Solve LC,578ad472-59cf-41d8-a8cd-8cd040e1ebec,daily,2025-02-06 15:27:37,23.016807464885677
Solve LC,578ad472-59cf-41d8-a8cd-8cd040e1ebec,daily,2025-02-08 03:10:15,23.016807464885677
Solve LC,578ad472-59cf-41d8-a8cd-8cd040e1ebec,daily,2025-02-09 13:16:01,23.596617126877245
Solve LC,578ad472-59cf-41d8-a8cd-8cd040e1ebec,daily,2025-02-11 02:36:26,23.596617126877245
Solve LC,578ad472-59cf-41d8-a8cd-8cd040e1ebec,daily,2025-02-12 14:37:20,23.596617126877245
Solve LC,578ad472-59cf-41d8-a8cd-8cd040e1ebec,daily,2025-02-15 04:52:56,23.596617126877245
Solve LC,578ad472-59cf-41d8-a8cd-8cd040e1ebec,daily,2025-02-17 14:18:41,23.596617126877245
Solve LC,578ad472-59cf-41d8-a8cd-8cd040e1ebec,daily,2025-02-18 17:38:04,23.596617126877245
Solve LC,578ad472-59cf-41d8-a8cd-8cd040e1ebec,daily,2025-02-20 13:16:09,23.596617126877245
Solve LC,578ad472-59cf-41d8-a8cd-8cd040e1ebec,daily,2025-02-21 13:04:04,23.596617126877245
Solve LC,578ad472-59cf-41d8-a8cd-8cd040e1ebec,daily,2025-02-22 14:53:08,23.596617126877245
Solve LC,578ad472-59cf-41d8-a8cd-8cd040e1ebec,daily,2025-02-22 16:16:26,24.176426788868813
Solve LC,578ad472-59cf-41d8-a8cd-8cd040e1ebec,daily,2025-02-24 08:41:50,24.176426788868813
Solve LC,578ad472-59cf-41d8-a8cd-8cd040e1ebec,daily,2025-02-25 07:12:28,24.176426788868813
Solve LC,578ad472-59cf-41d8-a8cd-8cd040e1ebec,daily,2025-02-26 14:41:46,24.176426788868813
Solve LC,578ad472-59cf-41d8-a8cd-8cd040e1ebec,daily,2025-02-27 16:08:36,24.176426788868813
Solve LC,578ad472-59cf-41d8-a8cd-8cd040e1ebec,daily,2025-03-02 09:14:36,24.75623645086038
Solve LC,578ad472-59cf-41d8-a8cd-8cd040e1ebec,daily,2025-03-03 11:05:41,24.75623645086038
Solve LC,578ad472-59cf-41d8-a8cd-8cd040e1ebec,daily,2025-03-04 01:38:39,24.75623645086038
Solve LC,578ad472-59cf-41d8-a8cd-8cd040e1ebec,daily,2025-03-06 13:34:08,24.75623645086038
Solve LC,578ad472-59cf-41d8-a8cd-8cd040e1ebec,daily,2025-03-07 05:05:38,24.75623645086038
Solve LC,578ad472-59cf-41d8-a8cd-8cd040e1ebec,daily,2025-03-08 15:41:58,24.75623645086038
Solve LC,578ad472-59cf-41d8-a8cd-8cd040e1ebec,daily,2025-03-09 17:48:49,25.33604611285195
Solve LC,578ad472-59cf-41d8-a8cd-8cd040e1ebec,daily,2025-03-10 14:54:03,25.33604611285195
Work towards completing as many to-do as possible,45efbbf3-b5fd-46df-a660-06ed42bc8e90,daily,2024-11-11 04:44:29,2.214996256574381
Work towards completing as many to-do as possible,45efbbf3-b5fd-46df-a660-06ed42bc8e90,daily,2024-12-01 16:47:03,20.548347204692902
Work towards completing as many to-do as possible,45efbbf3-b5fd-46df-a660-06ed42bc8e90,daily,2025-01-01 14:23:50,22.530167361716117
Work towards completing as many to-do as possible,45efbbf3-b5fd-46df-a660-06ed42bc8e90,daily,2025-01-08 13:11:07,23.689786685699254
Work towards completing as many to-do as possible,45efbbf3-b5fd-46df-a660-06ed42bc8e90,daily,2025-01-08 17:56:40,24.269596347690822
Work towards completing as many to-do as possible,45efbbf3-b5fd-46df-a660-06ed42bc8e90,daily,2025-01-11 03:57:35,23.689786685699254
Work towards completing as many to-do as possible,45efbbf3-b5fd-46df-a660-06ed42bc8e90,daily,2025-01-12 02:10:09,24.269596347690822
Work towards completing as many to-do as possible,45efbbf3-b5fd-46df-a660-06ed42bc8e90,daily,2025-01-13 02:40:49,24.84940600968239
Work towards completing as many to-do as possible,45efbbf3-b5fd-46df-a660-06ed42bc8e90,daily,2025-01-14 04:21:27,24.269596347690822
Work towards completing as many to-do as possible,45efbbf3-b5fd-46df-a660-06ed42bc8e90,daily,2025-01-15 01:34:01,23.689786685699254
Work towards completing as many to-do as possible,45efbbf3-b5fd-46df-a660-06ed42bc8e90,daily,2025-01-15 18:43:22,24.269596347690822
Work towards completing as many to-do as possible,45efbbf3-b5fd-46df-a660-06ed42bc8e90,daily,2025-01-17 17:53:29,24.269596347690822
Work towards completing as many to-do as possible,45efbbf3-b5fd-46df-a660-06ed42bc8e90,daily,2025-01-18 17:59:23,24.269596347690822
Work towards completing as many to-do as possible,45efbbf3-b5fd-46df-a660-06ed42bc8e90,daily,2025-01-19 13:26:47,24.269596347690822
Work towards completing as many to-do as possible,45efbbf3-b5fd-46df-a660-06ed42bc8e90,daily,2025-01-19 18:20:10,24.84940600968239
Work towards completing as many to-do as possible,45efbbf3-b5fd-46df-a660-06ed42bc8e90,daily,2025-01-22 03:00:34,25.42921567167396
Work towards completing as many to-do as possible,45efbbf3-b5fd-46df-a660-06ed42bc8e90,daily,2025-01-23 13:21:58,26.009025333665527
Work towards completing as many to-do as possible,45efbbf3-b5fd-46df-a660-06ed42bc8e90,daily,2025-01-23 17:32:32,26.588834995657095
Work towards completing as many to-do as possible,45efbbf3-b5fd-46df-a660-06ed42bc8e90,daily,2025-01-28 01:46:13,27.168644657648663
Work towards completing as many to-do as possible,45efbbf3-b5fd-46df-a660-06ed42bc8e90,daily,2025-01-29 03:54:49,27.74845431964023
Work towards completing as many to-do as possible,45efbbf3-b5fd-46df-a660-06ed42bc8e90,daily,2025-01-30 14:18:39,27.74845431964023
Work towards completing as many to-do as possible,45efbbf3-b5fd-46df-a660-06ed42bc8e90,daily,2025-01-31 14:44:00,28.3282639816318
Work towards completing as many to-do as possible,45efbbf3-b5fd-46df-a660-06ed42bc8e90,daily,2025-02-01 04:34:56,27.74845431964023
Work towards completing as many to-do as possible,45efbbf3-b5fd-46df-a660-06ed42bc8e90,daily,2025-02-01 17:55:22,28.3282639816318
Work towards completing as many to-do as possible,45efbbf3-b5fd-46df-a660-06ed42bc8e90,daily,2025-02-04 13:35:07,27.74845431964023
Work towards completing as many to-do as possible,45efbbf3-b5fd-46df-a660-06ed42bc8e90,daily,2025-02-05 17:24:33,28.3282639816318
Work towards completing as many to-do as possible,45efbbf3-b5fd-46df-a660-06ed42bc8e90,daily,2025-02-06 15:27:37,28.3282639816318
Work towards completing as many to-do as possible,45efbbf3-b5fd-46df-a660-06ed42bc8e90,daily,2025-02-08 03:10:14,28.908073643623368
Work towards completing as many to-do as possible,45efbbf3-b5fd-46df-a660-06ed42bc8e90,daily,2025-02-08 15:52:23,29.487883305614936
Work towards completing as many to-do as possible,45efbbf3-b5fd-46df-a660-06ed42bc8e90,daily,2025-02-11 02:36:26,30.067692967606504
Work towards completing as many to-do as possible,45efbbf3-b5fd-46df-a660-06ed42bc8e90,daily,2025-02-11 18:20:40,30.647502629598073
Work towards completing as many to-do as possible,45efbbf3-b5fd-46df-a660-06ed42bc8e90,daily,2025-02-15 04:52:56,30.647502629598073
Work towards completing as many to-do as possible,45efbbf3-b5fd-46df-a660-06ed42bc8e90,daily,2025-02-17 14:18:41,30.647502629598073
Work towards completing as many to-do as possible,45efbbf3-b5fd-46df-a660-06ed42bc8e90,daily,2025-02-18 17:38:04,31.22731229158964
Work towards completing as many to-do as possible,45efbbf3-b5fd-46df-a660-06ed42bc8e90,daily,2025-02-20 13:16:08,31.80712195358121
Work towards completing as many to-do as possible,45efbbf3-b5fd-46df-a660-06ed42bc8e90,daily,2025-02-21 13:04:04,31.80712195358121
Work towards completing as many to-do as possible,45efbbf3-b5fd-46df-a660-06ed42bc8e90,daily,2025-02-22 14:53:08,31.80712195358121
Work towards completing as many to-do as possible,45efbbf3-b5fd-46df-a660-06ed42bc8e90,daily,2025-02-23 17:09:00,32.38693161557278
Work towards completing as many to-do as possible,45efbbf3-b5fd-46df-a660-06ed42bc8e90,daily,2025-02-24 08:41:50,32.38693161557278
Work towards completing as many to-do as possible,45efbbf3-b5fd-46df-a660-06ed42bc8e90,daily,2025-02-25 07:12:28,32.38693161557278
Work towards completing as many to-do as possible,45efbbf3-b5fd-46df-a660-06ed42bc8e90,daily,2025-02-26 14:41:46,32.38693161557278
Work towards completing as many to-do as possible,45efbbf3-b5fd-46df-a660-06ed42bc8e90,daily,2025-02-27 16:08:36,32.38693161557278
Work towards completing as many to-do as possible,45efbbf3-b5fd-46df-a660-06ed42bc8e90,daily,2025-03-02 09:14:36,32.966741277564346
Work towards completing as many to-do as possible,45efbbf3-b5fd-46df-a660-06ed42bc8e90,daily,2025-03-02 17:46:51,33.546550939555914
Work towards completing as many to-do as possible,45efbbf3-b5fd-46df-a660-06ed42bc8e90,daily,2025-03-04 01:38:38,34.12636060154748
Work towards completing as many to-do as possible,45efbbf3-b5fd-46df-a660-06ed42bc8e90,daily,2025-03-06 13:34:08,33.546550939555914
Work towards completing as many to-do as possible,45efbbf3-b5fd-46df-a660-06ed42bc8e90,daily,2025-03-07 05:05:37,34.12636060154748
Work towards completing as many to-do as possible,45efbbf3-b5fd-46df-a660-06ed42bc8e90,daily,2025-03-08 15:41:58,34.70617026353905
Work towards completing as many to-do as possible,45efbbf3-b5fd-46df-a660-06ed42bc8e90,daily,2025-03-09 17:48:49,35.28597992553062
Work towards completing as many to-do as possible,45efbbf3-b5fd-46df-a660-06ed42bc8e90,daily,2025-03-10 14:54:03,35.86578958752219
ML Course ,70a2e167-e52b-4e90-9648-54491d3ab1ee,daily,2024-12-23 17:25:25,1.562402386196276
ML Course ,70a2e167-e52b-4e90-9648-54491d3ab1ee,daily,2025-01-01 17:56:50,6.093254001156876
ML Course ,70a2e167-e52b-4e90-9648-54491d3ab1ee,daily,2025-01-08 13:11:07,7.414109759324474
ML Course ,70a2e167-e52b-4e90-9648-54491d3ab1ee,daily,2025-01-09 08:44:50,6.587142870815105
ML Course ,70a2e167-e52b-4e90-9648-54491d3ab1ee,daily,2025-01-11 03:57:34,7.431821416389997
ML Course ,70a2e167-e52b-4e90-9648-54491d3ab1ee,daily,2025-01-12 02:10:09,6.605229778932215
ML Course ,70a2e167-e52b-4e90-9648-54491d3ab1ee,daily,2025-01-13 02:40:49,7.4495169177578635
ML Course ,70a2e167-e52b-4e90-9648-54491d3ab1ee,daily,2025-01-14 04:21:27,8.27573381649352
ML Course ,70a2e167-e52b-4e90-9648-54491d3ab1ee,daily,2025-01-15 01:34:00,9.08464171770247
ML Course ,70a2e167-e52b-4e90-9648-54491d3ab1ee,daily,2025-01-15 18:43:22,9.876954594180308
ML Course ,70a2e167-e52b-4e90-9648-54491d3ab1ee,daily,2025-01-17 17:53:29,9.876954594180308
ML Course ,70a2e167-e52b-4e90-9648-54491d3ab1ee,daily,2025-01-18 17:59:23,9.876954594180308
ML Course ,70a2e167-e52b-4e90-9648-54491d3ab1ee,daily,2025-01-19 13:26:47,10.653342992681837
ML Course ,70a2e167-e52b-4e90-9648-54491d3ab1ee,daily,2025-01-21 00:44:38,11.414437494009555
ML Course ,70a2e167-e52b-4e90-9648-54491d3ab1ee,daily,2025-01-22 03:00:34,12.160831834583021
ML Course ,70a2e167-e52b-4e90-9648-54491d3ab1ee,daily,2025-01-23 13:21:58,12.893085728528737
ML Course ,70a2e167-e52b-4e90-9648-54491d3ab1ee,daily,2025-01-23 17:32:31,13.61172742417002
ML Course ,70a2e167-e52b-4e90-9648-54491d3ab1ee,daily,2025-01-28 01:46:13,17.877154602244794
ML Course ,70a2e167-e52b-4e90-9648-54491d3ab1ee,daily,2025-01-29 03:54:49,18.50963131495413
ML Course ,70a2e167-e52b-4e90-9648-54491d3ab1ee,daily,2025-01-30 14:18:39,18.50963131495413
ML Course ,70a2e167-e52b-4e90-9648-54491d3ab1ee,daily,2025-01-30 14:18:49,19.131939746159276
ML Course ,70a2e167-e52b-4e90-9648-54491d3ab1ee,daily,2025-01-31 14:44:20,19.744402937958224
ML Course ,70a2e167-e52b-4e90-9648-54491d3ab1ee,daily,2025-02-01 17:55:19,20.347328739855207
ML Course ,70a2e167-e52b-4e90-9648-54491d3ab1ee,daily,2025-02-03 17:10:47,20.941010748498456
ML Course ,70a2e167-e52b-4e90-9648-54491d3ab1ee,daily,2025-02-05 17:24:33,21.525729175759373
ML Course ,70a2e167-e52b-4e90-9648-54491d3ab1ee,daily,2025-02-06 15:27:37,21.525729175759373
ML Course ,70a2e167-e52b-4e90-9648-54491d3ab1ee,daily,2025-02-06 16:23:42,22.10553883775094
ML Course ,70a2e167-e52b-4e90-9648-54491d3ab1ee,daily,2025-02-09 13:16:01,24.283286644072408
ML Course ,70a2e167-e52b-4e90-9648-54491d3ab1ee,daily,2025-02-09 13:16:21,24.863096306063976
ML Course ,70a2e167-e52b-4e90-9648-54491d3ab1ee,daily,2025-02-12 14:37:20,24.863096306063976
ML Course ,70a2e167-e52b-4e90-9648-54491d3ab1ee,daily,2025-02-15 04:52:56,24.863096306063976
ML Course ,70a2e167-e52b-4e90-9648-54491d3ab1ee,daily,2025-02-17 14:18:41,25.442905968055545
ML Course ,70a2e167-e52b-4e90-9648-54491d3ab1ee,daily,2025-02-17 14:24:02,26.022715630047113
ML Course ,70a2e167-e52b-4e90-9648-54491d3ab1ee,daily,2025-02-20 13:16:08,26.60252529203868
ML Course ,70a2e167-e52b-4e90-9648-54491d3ab1ee,daily,2025-02-21 13:04:04,26.60252529203868
ML Course ,70a2e167-e52b-4e90-9648-54491d3ab1ee,daily,2025-02-22 14:53:08,27.18233495403025
ML Course ,70a2e167-e52b-4e90-9648-54491d3ab1ee,daily,2025-02-23 17:09:00,27.762144616021818
ML Course ,70a2e167-e52b-4e90-9648-54491d3ab1ee,daily,2025-02-24 08:41:49,28.341954278013386
ML Course ,70a2e167-e52b-4e90-9648-54491d3ab1ee,daily,2025-02-24 08:42:01,28.921763940004954
ML Course ,70a2e167-e52b-4e90-9648-54491d3ab1ee,daily,2025-02-26 14:41:46,28.921763940004954
ML Course ,70a2e167-e52b-4e90-9648-54491d3ab1ee,daily,2025-02-27 16:08:36,29.501573601996522
ML Course ,70a2e167-e52b-4e90-9648-54491d3ab1ee,daily,2025-02-27 16:11:42,30.08138326398809
ML Course ,70a2e167-e52b-4e90-9648-54491d3ab1ee,daily,2025-03-02 17:46:48,30.66119292597966
ML Course ,70a2e167-e52b-4e90-9648-54491d3ab1ee,daily,2025-03-03 11:05:49,31.241002587971227
ML Course ,70a2e167-e52b-4e90-9648-54491d3ab1ee,daily,2025-03-06 13:34:08,31.820812249962795
ML Course ,70a2e167-e52b-4e90-9648-54491d3ab1ee,daily,2025-03-07 05:05:37,32.40062191195437
ML Course ,70a2e167-e52b-4e90-9648-54491d3ab1ee,daily,2025-03-08 15:41:58,32.980431573945935
ML Course ,70a2e167-e52b-4e90-9648-54491d3ab1ee,daily,2025-03-08 15:42:59,33.560241235937504
ML Course ,70a2e167-e52b-4e90-9648-54491d3ab1ee,daily,2025-03-10 14:54:03,34.14005089792907
#### Record things you learned this week,7180c06d-468e-4a94-9fb3-24e38de0b836,daily,2025-01-30 14:18:39,0
#### Record things you learned this week,7180c06d-468e-4a94-9fb3-24e38de0b836,daily,2025-01-31 14:44:01,0
#### Record things you learned this week,7180c06d-468e-4a94-9fb3-24e38de0b836,daily,2025-02-01 04:34:56,0
#### Record things you learned this week,7180c06d-468e-4a94-9fb3-24e38de0b836,daily,2025-02-03 01:24:45,-1
#### Record things you learned this week,7180c06d-468e-4a94-9fb3-24e38de0b836,daily,2025-02-04 13:35:07,-1
#### Record things you learned this week,7180c06d-468e-4a94-9fb3-24e38de0b836,daily,2025-02-05 17:24:34,-1
#### Record things you learned this week,7180c06d-468e-4a94-9fb3-24e38de0b836,daily,2025-02-06 15:27:37,-1
#### Record things you learned this week,7180c06d-468e-4a94-9fb3-24e38de0b836,daily,2025-02-08 03:10:15,-1
#### Record things you learned this week,7180c06d-468e-4a94-9fb3-24e38de0b836,daily,2025-02-09 13:16:02,-1
#### Record things you learned this week,7180c06d-468e-4a94-9fb3-24e38de0b836,daily,2025-02-11 02:36:26,-1
#### Record things you learned this week,7180c06d-468e-4a94-9fb3-24e38de0b836,daily,2025-02-12 14:37:20,-1
#### Record things you learned this week,7180c06d-468e-4a94-9fb3-24e38de0b836,daily,2025-02-15 04:52:56,-1
#### Record things you learned this week,7180c06d-468e-4a94-9fb3-24e38de0b836,daily,2025-02-17 14:18:41,-1
#### Record things you learned this week,7180c06d-468e-4a94-9fb3-24e38de0b836,daily,2025-02-18 17:38:04,-1
#### Record things you learned this week,7180c06d-468e-4a94-9fb3-24e38de0b836,daily,2025-02-20 13:16:09,-1
#### Record things you learned this week,7180c06d-468e-4a94-9fb3-24e38de0b836,daily,2025-02-21 13:04:04,-1
#### Record things you learned this week,7180c06d-468e-4a94-9fb3-24e38de0b836,daily,2025-02-22 14:53:08,-1
#### Record things you learned this week,7180c06d-468e-4a94-9fb3-24e38de0b836,daily,2025-02-23 17:09:01,-1
#### Record things you learned this week,7180c06d-468e-4a94-9fb3-24e38de0b836,daily,2025-02-24 08:41:50,-1
#### Record things you learned this week,7180c06d-468e-4a94-9fb3-24e38de0b836,daily,2025-02-25 07:12:28,-1
#### Record things you learned this week,7180c06d-468e-4a94-9fb3-24e38de0b836,daily,2025-02-26 14:41:46,-1
#### Record things you learned this week,7180c06d-468e-4a94-9fb3-24e38de0b836,daily,2025-02-27 16:08:36,-1
#### Record things you learned this week,7180c06d-468e-4a94-9fb3-24e38de0b836,daily,2025-03-02 09:14:37,-1
#### Record things you learned this week,7180c06d-468e-4a94-9fb3-24e38de0b836,daily,2025-03-02 17:46:56,0.025956704627064786
#### Record things you learned this week,7180c06d-468e-4a94-9fb3-24e38de0b836,daily,2025-03-04 01:38:39,0.025956704627064786
#### Record things you learned this week,7180c06d-468e-4a94-9fb3-24e38de0b836,daily,2025-03-06 13:34:08,0.025956704627064786
#### Record things you learned this week,7180c06d-468e-4a94-9fb3-24e38de0b836,daily,2025-03-07 05:05:38,0.025956704627064786
#### Record things you learned this week,7180c06d-468e-4a94-9fb3-24e38de0b836,daily,2025-03-08 15:41:58,0.025956704627064786
#### Record things you learned this week,7180c06d-468e-4a94-9fb3-24e38de0b836,daily,2025-03-09 17:48:50,0.025956704627064786
#### Record things you learned this week,7180c06d-468e-4a94-9fb3-24e38de0b836,daily,2025-03-10 14:54:03,-0.9733783617683589
